Cache sync 1 at Tue Apr 28 14:25:14 UTC 2026
Cache sync 2 at Tue Apr 28 14:25:14 UTC 2026
Cache sync 3 at Tue Apr 28 14:25:14 UTC 2026
Cache sync 4 at Tue Apr 28 14:25:14 UTC 2026
Cache sync 5 at Tue Apr 28 14:25:14 UTC 2026
Cache sync 6 at Tue Apr 28 14:25:14 UTC 2026
Cache sync 7 at Tue Apr 28 14:25:14 UTC 2026
Cache sync 8 at Tue Apr 28 14:25:14 UTC 2026
Cache sync 9 at Tue Apr 28 14:25:14 UTC 2026
Cache sync 10 at Tue Apr 28 14:25:14 UTC 2026
Cache sync 11 at Tue Apr 28 14:25:14 UTC 2026
Cache sync 12 at Tue Apr 28 14:25:14 UTC 2026
Cache sync 13 at Tue Apr 28 14:25:14 UTC 2026
Cache sync 14 at Tue Apr 28 14:25:14 UTC 2026
Cache sync 15 at Tue Apr 28 14:25:14 UTC 2026
Cache sync 16 at Tue Apr 28 14:25:14 UTC 2026
Cache sync 17 at Tue Apr 28 14:25:14 UTC 2026
Cache sync 18 at Tue Apr 28 14:25:14 UTC 2026
Cache sync 19 at Tue Apr 28 14:25:14 UTC 2026
Cache sync 20 at Tue Apr 28 14:25:14 UTC 2026
Cache sync 21 at Tue Apr 28 14:25:14 UTC 2026
Cache sync 22 at Tue Apr 28 14:25:14 UTC 2026
Cache sync 23 at Tue Apr 28 14:25:14 UTC 2026
Cache sync 24 at Tue Apr 28 14:25:14 UTC 2026
Cache sync 25 at Tue Apr 28 14:25:14 UTC 2026
Cache sync 26 at Tue Apr 28 14:25:14 UTC 2026
Cache sync 27 at Tue Apr 28 14:25:14 UTC 2026
Cache sync 28 at Tue Apr 28 14:25:14 UTC 2026
Cache sync 29 at Tue Apr 28 14:25:14 UTC 2026
Cache sync 30 at Tue Apr 28 14:25:14 UTC 2026
Cache sync 31 at Tue Apr 28 14:25:14 UTC 2026
Cache sync 32 at Tue Apr 28 14:25:14 UTC 2026
Cache sync 33 at Tue Apr 28 14:25:14 UTC 2026
Cache sync 34 at Tue Apr 28 14:25:14 UTC 2026
Cache sync 35 at Tue Apr 28 14:25:14 UTC 2026
Cache sync 36 at Tue Apr 28 14:25:14 UTC 2026
Cache sync 37 at Tue Apr 28 14:25:14 UTC 2026
Cache sync 38 at Tue Apr 28 14:25:14 UTC 2026
Cache sync 39 at Tue Apr 28 14:25:14 UTC 2026
Cache sync 40 at Tue Apr 28 14:25:14 UTC 2026
Cache sync 41 at Tue Apr 28 14:25:14 UTC 2026
Cache sync 1 at Wed Apr 29 14:11:18 UTC 2026
Cache sync 2 at Wed Apr 29 14:11:18 UTC 2026
Cache sync 3 at Wed Apr 29 14:11:18 UTC 2026
Cache sync 4 at Wed Apr 29 14:11:18 UTC 2026
Cache sync 5 at Wed Apr 29 14:11:18 UTC 2026
Cache sync 6 at Wed Apr 29 14:11:18 UTC 2026
Cache sync 7 at Wed Apr 29 14:11:18 UTC 2026
Cache sync 8 at Wed Apr 29 14:11:18 UTC 2026
Cache sync 9 at Wed Apr 29 14:11:18 UTC 2026
Cache sync 10 at Wed Apr 29 14:11:18 UTC 2026
Cache sync 11 at Wed Apr 29 14:11:18 UTC 2026
Cache sync 12 at Wed Apr 29 14:11:18 UTC 2026
Cache sync 13 at Wed Apr 29 14:11:18 UTC 2026
Cache sync 14 at Wed Apr 29 14:11:18 UTC 2026
Cache sync 15 at Wed Apr 29 14:11:18 UTC 2026
Cache sync 16 at Wed Apr 29 14:11:18 UTC 2026
Cache sync 17 at Wed Apr 29 14:11:19 UTC 2026
Cache sync 18 at Wed Apr 29 14:11:19 UTC 2026
Cache sync 19 at Wed Apr 29 14:11:19 UTC 2026
Cache sync 20 at Wed Apr 29 14:11:19 UTC 2026
Cache sync 21 at Wed Apr 29 14:11:19 UTC 2026
Cache sync 22 at Wed Apr 29 14:11:19 UTC 2026
Cache sync 23 at Wed Apr 29 14:11:19 UTC 2026
Cache sync 24 at Wed Apr 29 14:11:19 UTC 2026
Cache sync 25 at Wed Apr 29 14:11:19 UTC 2026
Cache sync 26 at Wed Apr 29 14:11:19 UTC 2026
Cache sync 27 at Wed Apr 29 14:11:19 UTC 2026
Cache sync 28 at Wed Apr 29 14:11:19 UTC 2026
Cache sync 29 at Wed Apr 29 14:11:19 UTC 2026
Cache sync 30 at Wed Apr 29 14:11:19 UTC 2026
Cache sync 31 at Wed Apr 29 14:11:19 UTC 2026
Cache sync 32 at Wed Apr 29 14:11:19 UTC 2026
Cache sync 33 at Wed Apr 29 14:11:19 UTC 2026
Cache sync 34 at Wed Apr 29 14:11:19 UTC 2026
Cache sync 35 at Wed Apr 29 14:11:19 UTC 2026
Cache sync 36 at Wed Apr 29 14:11:19 UTC 2026
Cache sync 37 at Wed Apr 29 14:11:19 UTC 2026
Cache sync 38 at Wed Apr 29 14:11:19 UTC 2026
Cache sync 39 at Wed Apr 29 14:11:19 UTC 2026
Cache sync 40 at Wed Apr 29 14:11:19 UTC 2026
Cache sync 41 at Wed Apr 29 14:11:19 UTC 2026
Cache sync 42 at Wed Apr 29 14:11:19 UTC 2026
Cache sync 43 at Wed Apr 29 14:11:19 UTC 2026
Cache sync 44 at Wed Apr 29 14:11:19 UTC 2026
Cache sync 45 at Wed Apr 29 14:11:19 UTC 2026
Cache sync 46 at Wed Apr 29 14:11:19 UTC 2026
Cache sync 47 at Wed Apr 29 14:11:19 UTC 2026
Cache sync 48 at Wed Apr 29 14:11:19 UTC 2026
Cache sync 49 at Wed Apr 29 14:11:19 UTC 2026
Cache sync 50 at Wed Apr 29 14:11:19 UTC 2026
Cache sync 51 at Wed Apr 29 14:11:19 UTC 2026
Cache sync 52 at Wed Apr 29 14:11:19 UTC 2026
Cache sync 53 at Wed Apr 29 14:11:19 UTC 2026
Cache sync 54 at Wed Apr 29 14:11:19 UTC 2026
Cache sync 55 at Wed Apr 29 14:11:19 UTC 2026
Cache sync 56 at Wed Apr 29 14:11:19 UTC 2026
Cache sync 57 at Wed Apr 29 14:11:19 UTC 2026
Cache sync 58 at Wed Apr 29 14:11:19 UTC 2026
Cache sync 59 at Wed Apr 29 14:11:19 UTC 2026
Cache sync 60 at Wed Apr 29 14:11:19 UTC 2026
Cache sync 61 at Wed Apr 29 14:11:19 UTC 2026
Cache sync 62 at Wed Apr 29 14:11:19 UTC 2026
Cache sync 63 at Wed Apr 29 14:11:19 UTC 2026
Cache sync 64 at Wed Apr 29 14:11:19 UTC 2026
Cache sync 65 at Wed Apr 29 14:11:19 UTC 2026
Cache sync 66 at Wed Apr 29 14:11:19 UTC 2026
Cache sync 67 at Wed Apr 29 14:11:19 UTC 2026
Cache sync 68 at Wed Apr 29 14:11:19 UTC 2026
Cache sync 69 at Wed Apr 29 14:11:19 UTC 2026
Cache sync 70 at Wed Apr 29 14:11:19 UTC 2026
Cache sync 71 at Wed Apr 29 14:11:19 UTC 2026
Cache sync 1 at Thu Apr 30 03:39:12 UTC 2026
Cache sync 2 at Thu Apr 30 03:39:12 UTC 2026
Cache sync 3 at Thu Apr 30 03:39:12 UTC 2026
Cache sync 1 at Thu Apr 30 14:09:01 UTC 2026
Cache sync 2 at Thu Apr 30 14:09:01 UTC 2026
Cache sync 3 at Thu Apr 30 14:09:01 UTC 2026
Cache sync 4 at Thu Apr 30 14:09:01 UTC 2026
Cache sync 5 at Thu Apr 30 14:09:01 UTC 2026
Cache sync 6 at Thu Apr 30 14:09:01 UTC 2026
Cache sync 7 at Thu Apr 30 14:09:01 UTC 2026
Cache sync 8 at Thu Apr 30 14:09:01 UTC 2026
Cache sync 9 at Thu Apr 30 14:09:01 UTC 2026
Cache sync 10 at Thu Apr 30 14:09:01 UTC 2026
Cache sync 11 at Thu Apr 30 14:09:01 UTC 2026
Cache sync 12 at Thu Apr 30 14:09:01 UTC 2026
Cache sync 13 at Thu Apr 30 14:09:01 UTC 2026
Cache sync 14 at Thu Apr 30 14:09:01 UTC 2026
Cache sync 15 at Thu Apr 30 14:09:01 UTC 2026
Cache sync 16 at Thu Apr 30 14:09:01 UTC 2026
Cache sync 17 at Thu Apr 30 14:09:01 UTC 2026
Cache sync 18 at Thu Apr 30 14:09:01 UTC 2026
Cache sync 19 at Thu Apr 30 14:09:01 UTC 2026
Cache sync 20 at Thu Apr 30 14:09:01 UTC 2026
Cache sync 21 at Thu Apr 30 14:09:01 UTC 2026
Cache sync 1 at Fri May  1 03:51:51 UTC 2026
Cache sync 2 at Fri May  1 03:51:51 UTC 2026
Cache sync 3 at Fri May  1 03:51:51 UTC 2026
Cache sync 4 at Fri May  1 03:51:51 UTC 2026
Cache sync 5 at Fri May  1 03:51:51 UTC 2026
Cache sync 6 at Fri May  1 03:51:51 UTC 2026
Cache sync 7 at Fri May  1 03:51:51 UTC 2026
Cache sync 8 at Fri May  1 03:51:51 UTC 2026
Cache sync 9 at Fri May  1 03:51:51 UTC 2026
Cache sync 10 at Fri May  1 03:51:51 UTC 2026
Cache sync 11 at Fri May  1 03:51:51 UTC 2026
Cache sync 12 at Fri May  1 03:51:51 UTC 2026
Cache sync 13 at Fri May  1 03:51:51 UTC 2026
Cache sync 14 at Fri May  1 03:51:51 UTC 2026
Cache sync 15 at Fri May  1 03:51:51 UTC 2026
Cache sync 16 at Fri May  1 03:51:51 UTC 2026
Cache sync 17 at Fri May  1 03:51:51 UTC 2026
Cache sync 18 at Fri May  1 03:51:51 UTC 2026
Cache sync 19 at Fri May  1 03:51:51 UTC 2026
Cache sync 20 at Fri May  1 03:51:51 UTC 2026
Cache sync 21 at Fri May  1 03:51:51 UTC 2026
Cache sync 22 at Fri May  1 03:51:51 UTC 2026
Cache sync 23 at Fri May  1 03:51:51 UTC 2026
Cache sync 24 at Fri May  1 03:51:51 UTC 2026
Cache sync 25 at Fri May  1 03:51:51 UTC 2026
Cache sync 26 at Fri May  1 03:51:51 UTC 2026
Cache sync 27 at Fri May  1 03:51:51 UTC 2026
Cache sync 28 at Fri May  1 03:51:51 UTC 2026
Cache sync 29 at Fri May  1 03:51:51 UTC 2026
Cache sync 1 at Fri May  1 13:38:13 UTC 2026
Cache sync 2 at Fri May  1 13:38:13 UTC 2026
Cache sync 3 at Fri May  1 13:38:13 UTC 2026
Cache sync 4 at Fri May  1 13:38:13 UTC 2026
Cache sync 5 at Fri May  1 13:38:13 UTC 2026
Cache sync 6 at Fri May  1 13:38:13 UTC 2026
Cache sync 7 at Fri May  1 13:38:13 UTC 2026
Cache sync 8 at Fri May  1 13:38:13 UTC 2026
Cache sync 9 at Fri May  1 13:38:13 UTC 2026
Cache sync 10 at Fri May  1 13:38:13 UTC 2026
Cache sync 11 at Fri May  1 13:38:13 UTC 2026
Cache sync 1 at Sat May  2 03:25:22 UTC 2026
Cache sync 2 at Sat May  2 03:25:22 UTC 2026
Cache sync 3 at Sat May  2 03:25:22 UTC 2026
Cache sync 4 at Sat May  2 03:25:22 UTC 2026
Cache sync 5 at Sat May  2 03:25:22 UTC 2026
Cache sync 6 at Sat May  2 03:25:22 UTC 2026
Cache sync 7 at Sat May  2 03:25:22 UTC 2026
Cache sync 8 at Sat May  2 03:25:22 UTC 2026
Cache sync 9 at Sat May  2 03:25:22 UTC 2026
Cache sync 10 at Sat May  2 03:25:22 UTC 2026
Cache sync 11 at Sat May  2 03:25:22 UTC 2026
Cache sync 12 at Sat May  2 03:25:22 UTC 2026
Cache sync 13 at Sat May  2 03:25:22 UTC 2026
Cache sync 14 at Sat May  2 03:25:22 UTC 2026
Cache sync 15 at Sat May  2 03:25:22 UTC 2026
Cache sync 16 at Sat May  2 03:25:22 UTC 2026
Cache sync 17 at Sat May  2 03:25:22 UTC 2026
Cache sync 18 at Sat May  2 03:25:22 UTC 2026
Cache sync 19 at Sat May  2 03:25:22 UTC 2026
Cache sync 20 at Sat May  2 03:25:22 UTC 2026
Cache sync 21 at Sat May  2 03:25:22 UTC 2026
Cache sync 22 at Sat May  2 03:25:22 UTC 2026
Cache sync 23 at Sat May  2 03:25:22 UTC 2026
Cache sync 24 at Sat May  2 03:25:22 UTC 2026
Cache sync 25 at Sat May  2 03:25:22 UTC 2026
Cache sync 26 at Sat May  2 03:25:22 UTC 2026
Cache sync 27 at Sat May  2 03:25:22 UTC 2026
Cache sync 28 at Sat May  2 03:25:22 UTC 2026
Cache sync 29 at Sat May  2 03:25:22 UTC 2026
Cache sync 30 at Sat May  2 03:25:22 UTC 2026
Cache sync 31 at Sat May  2 03:25:22 UTC 2026
Cache sync 32 at Sat May  2 03:25:22 UTC 2026
Cache sync 33 at Sat May  2 03:25:22 UTC 2026
Cache sync 34 at Sat May  2 03:25:22 UTC 2026
Cache sync 35 at Sat May  2 03:25:22 UTC 2026
Cache sync 36 at Sat May  2 03:25:22 UTC 2026
Cache sync 37 at Sat May  2 03:25:22 UTC 2026
Cache sync 38 at Sat May  2 03:25:22 UTC 2026
Cache sync 39 at Sat May  2 03:25:22 UTC 2026
Cache sync 40 at Sat May  2 03:25:22 UTC 2026
Cache sync 41 at Sat May  2 03:25:22 UTC 2026
Cache sync 42 at Sat May  2 03:25:22 UTC 2026
Cache sync 43 at Sat May  2 03:25:22 UTC 2026
Cache sync 44 at Sat May  2 03:25:22 UTC 2026
Cache sync 45 at Sat May  2 03:25:22 UTC 2026
Cache sync 46 at Sat May  2 03:25:22 UTC 2026
Cache sync 47 at Sat May  2 03:25:22 UTC 2026
Cache sync 48 at Sat May  2 03:25:22 UTC 2026
Cache sync 49 at Sat May  2 03:25:22 UTC 2026
Cache sync 50 at Sat May  2 03:25:22 UTC 2026
Cache sync 51 at Sat May  2 03:25:22 UTC 2026
Cache sync 52 at Sat May  2 03:25:22 UTC 2026
Cache sync 53 at Sat May  2 03:25:22 UTC 2026
Cache sync 54 at Sat May  2 03:25:22 UTC 2026
Cache sync 55 at Sat May  2 03:25:22 UTC 2026
Cache sync 56 at Sat May  2 03:25:22 UTC 2026
Cache sync 57 at Sat May  2 03:25:22 UTC 2026
Cache sync 58 at Sat May  2 03:25:22 UTC 2026
Cache sync 59 at Sat May  2 03:25:22 UTC 2026
Cache sync 60 at Sat May  2 03:25:22 UTC 2026
Cache sync 61 at Sat May  2 03:25:22 UTC 2026
Cache sync 62 at Sat May  2 03:25:22 UTC 2026
Cache sync 63 at Sat May  2 03:25:22 UTC 2026
Cache sync 64 at Sat May  2 03:25:22 UTC 2026
Cache sync 65 at Sat May  2 03:25:23 UTC 2026
Cache sync 66 at Sat May  2 03:25:23 UTC 2026
Cache sync 67 at Sat May  2 03:25:23 UTC 2026
Cache sync 68 at Sat May  2 03:25:23 UTC 2026
Cache sync 69 at Sat May  2 03:25:23 UTC 2026
Cache sync 70 at Sat May  2 03:25:23 UTC 2026
Cache sync 71 at Sat May  2 03:25:23 UTC 2026
Cache sync 72 at Sat May  2 03:25:23 UTC 2026
Cache sync 73 at Sat May  2 03:25:23 UTC 2026
Cache sync 74 at Sat May  2 03:25:23 UTC 2026
Cache sync 75 at Sat May  2 03:25:23 UTC 2026
Cache sync 1 at Sat May  2 13:22:58 UTC 2026
Cache sync 2 at Sat May  2 13:22:58 UTC 2026
Cache sync 3 at Sat May  2 13:22:58 UTC 2026
Cache sync 4 at Sat May  2 13:22:58 UTC 2026
Cache sync 5 at Sat May  2 13:22:58 UTC 2026
Cache sync 6 at Sat May  2 13:22:58 UTC 2026
Cache sync 7 at Sat May  2 13:22:58 UTC 2026
Cache sync 8 at Sat May  2 13:22:58 UTC 2026
Cache sync 9 at Sat May  2 13:22:58 UTC 2026
Cache sync 10 at Sat May  2 13:22:58 UTC 2026
Cache sync 11 at Sat May  2 13:22:58 UTC 2026
Cache sync 12 at Sat May  2 13:22:58 UTC 2026
Cache sync 13 at Sat May  2 13:22:58 UTC 2026
Cache sync 14 at Sat May  2 13:22:58 UTC 2026
Cache sync 15 at Sat May  2 13:22:58 UTC 2026
Cache sync 16 at Sat May  2 13:22:58 UTC 2026
Cache sync 17 at Sat May  2 13:22:58 UTC 2026
Cache sync 18 at Sat May  2 13:22:58 UTC 2026
Cache sync 19 at Sat May  2 13:22:58 UTC 2026
Cache sync 20 at Sat May  2 13:22:58 UTC 2026
Cache sync 21 at Sat May  2 13:22:58 UTC 2026
Cache sync 22 at Sat May  2 13:22:58 UTC 2026
Cache sync 23 at Sat May  2 13:22:58 UTC 2026
Cache sync 24 at Sat May  2 13:22:58 UTC 2026
Cache sync 25 at Sat May  2 13:22:58 UTC 2026
Cache sync 26 at Sat May  2 13:22:58 UTC 2026
Cache sync 27 at Sat May  2 13:22:58 UTC 2026
Cache sync 28 at Sat May  2 13:22:58 UTC 2026
Cache sync 29 at Sat May  2 13:22:58 UTC 2026
Cache sync 30 at Sat May  2 13:22:58 UTC 2026
Cache sync 31 at Sat May  2 13:22:58 UTC 2026
Cache sync 32 at Sat May  2 13:22:58 UTC 2026
Cache sync 33 at Sat May  2 13:22:58 UTC 2026
Cache sync 34 at Sat May  2 13:22:58 UTC 2026
Cache sync 35 at Sat May  2 13:22:58 UTC 2026
Cache sync 36 at Sat May  2 13:22:58 UTC 2026
Cache sync 37 at Sat May  2 13:22:58 UTC 2026
Cache sync 38 at Sat May  2 13:22:58 UTC 2026
Cache sync 39 at Sat May  2 13:22:58 UTC 2026
Cache sync 40 at Sat May  2 13:22:58 UTC 2026
Cache sync 41 at Sat May  2 13:22:58 UTC 2026
Cache sync 42 at Sat May  2 13:22:58 UTC 2026
Cache sync 43 at Sat May  2 13:22:58 UTC 2026
Cache sync 44 at Sat May  2 13:22:58 UTC 2026
Cache sync 45 at Sat May  2 13:22:58 UTC 2026
Cache sync 46 at Sat May  2 13:22:58 UTC 2026
Cache sync 47 at Sat May  2 13:22:58 UTC 2026
Cache sync 48 at Sat May  2 13:22:58 UTC 2026
Cache sync 49 at Sat May  2 13:22:58 UTC 2026
Cache sync 50 at Sat May  2 13:22:58 UTC 2026
Cache sync 51 at Sat May  2 13:22:58 UTC 2026
Cache sync 52 at Sat May  2 13:22:58 UTC 2026
Cache sync 53 at Sat May  2 13:22:58 UTC 2026
Cache sync 54 at Sat May  2 13:22:58 UTC 2026
Cache sync 55 at Sat May  2 13:22:58 UTC 2026
Cache sync 56 at Sat May  2 13:22:58 UTC 2026
Cache sync 57 at Sat May  2 13:22:58 UTC 2026
Cache sync 58 at Sat May  2 13:22:58 UTC 2026
Cache sync 59 at Sat May  2 13:22:58 UTC 2026
Cache sync 60 at Sat May  2 13:22:58 UTC 2026
Cache sync 61 at Sat May  2 13:22:58 UTC 2026
Cache sync 62 at Sat May  2 13:22:58 UTC 2026
Cache sync 63 at Sat May  2 13:22:58 UTC 2026
Cache sync 64 at Sat May  2 13:22:58 UTC 2026
Cache sync 65 at Sat May  2 13:22:58 UTC 2026
Cache sync 66 at Sat May  2 13:22:58 UTC 2026
Cache sync 67 at Sat May  2 13:22:58 UTC 2026
Cache sync 68 at Sat May  2 13:22:58 UTC 2026
Cache sync 69 at Sat May  2 13:22:58 UTC 2026
Cache sync 70 at Sat May  2 13:22:58 UTC 2026
Cache sync 71 at Sat May  2 13:22:58 UTC 2026
Cache sync 72 at Sat May  2 13:22:58 UTC 2026
Cache sync 73 at Sat May  2 13:22:58 UTC 2026
Cache sync 74 at Sat May  2 13:22:58 UTC 2026
Cache sync 75 at Sat May  2 13:22:58 UTC 2026
Cache sync 76 at Sat May  2 13:22:58 UTC 2026
Cache sync 77 at Sat May  2 13:22:58 UTC 2026
Cache sync 78 at Sat May  2 13:22:58 UTC 2026
Cache sync 1 at Sun May  3 03:44:28 UTC 2026
Cache sync 2 at Sun May  3 03:44:28 UTC 2026
Cache sync 3 at Sun May  3 03:44:28 UTC 2026
Cache sync 4 at Sun May  3 03:44:28 UTC 2026
Cache sync 5 at Sun May  3 03:44:29 UTC 2026
Cache sync 6 at Sun May  3 03:44:29 UTC 2026
Cache sync 7 at Sun May  3 03:44:29 UTC 2026
Cache sync 8 at Sun May  3 03:44:29 UTC 2026
Cache sync 9 at Sun May  3 03:44:29 UTC 2026
Cache sync 10 at Sun May  3 03:44:29 UTC 2026
Cache sync 11 at Sun May  3 03:44:29 UTC 2026
Cache sync 12 at Sun May  3 03:44:29 UTC 2026
Cache sync 13 at Sun May  3 03:44:29 UTC 2026
Cache sync 14 at Sun May  3 03:44:29 UTC 2026
Cache sync 15 at Sun May  3 03:44:29 UTC 2026
Cache sync 16 at Sun May  3 03:44:29 UTC 2026
Cache sync 17 at Sun May  3 03:44:29 UTC 2026
Cache sync 18 at Sun May  3 03:44:29 UTC 2026
Cache sync 19 at Sun May  3 03:44:29 UTC 2026
Cache sync 20 at Sun May  3 03:44:29 UTC 2026
Cache sync 21 at Sun May  3 03:44:29 UTC 2026
Cache sync 22 at Sun May  3 03:44:29 UTC 2026
Cache sync 23 at Sun May  3 03:44:29 UTC 2026
Cache sync 24 at Sun May  3 03:44:29 UTC 2026
Cache sync 25 at Sun May  3 03:44:29 UTC 2026
Cache sync 26 at Sun May  3 03:44:29 UTC 2026
Cache sync 27 at Sun May  3 03:44:29 UTC 2026
Cache sync 28 at Sun May  3 03:44:29 UTC 2026
Cache sync 29 at Sun May  3 03:44:29 UTC 2026
Cache sync 30 at Sun May  3 03:44:29 UTC 2026
Cache sync 31 at Sun May  3 03:44:29 UTC 2026
Cache sync 32 at Sun May  3 03:44:29 UTC 2026
Cache sync 33 at Sun May  3 03:44:29 UTC 2026
Cache sync 34 at Sun May  3 03:44:29 UTC 2026
Cache sync 35 at Sun May  3 03:44:29 UTC 2026
Cache sync 36 at Sun May  3 03:44:29 UTC 2026
Cache sync 37 at Sun May  3 03:44:29 UTC 2026
Cache sync 38 at Sun May  3 03:44:29 UTC 2026
Cache sync 39 at Sun May  3 03:44:29 UTC 2026
Cache sync 40 at Sun May  3 03:44:29 UTC 2026
Cache sync 41 at Sun May  3 03:44:29 UTC 2026
Cache sync 42 at Sun May  3 03:44:29 UTC 2026
Cache sync 43 at Sun May  3 03:44:29 UTC 2026
Cache sync 44 at Sun May  3 03:44:29 UTC 2026
Cache sync 45 at Sun May  3 03:44:29 UTC 2026
Cache sync 46 at Sun May  3 03:44:29 UTC 2026
Cache sync 47 at Sun May  3 03:44:29 UTC 2026
Cache sync 48 at Sun May  3 03:44:29 UTC 2026
Cache sync 49 at Sun May  3 03:44:29 UTC 2026
Cache sync 1 at Sun May  3 13:22:40 UTC 2026
Cache sync 2 at Sun May  3 13:22:40 UTC 2026
Cache sync 3 at Sun May  3 13:22:40 UTC 2026
Cache sync 4 at Sun May  3 13:22:40 UTC 2026
Cache sync 5 at Sun May  3 13:22:40 UTC 2026
Cache sync 6 at Sun May  3 13:22:40 UTC 2026
Cache sync 7 at Sun May  3 13:22:40 UTC 2026
Cache sync 8 at Sun May  3 13:22:40 UTC 2026
Cache sync 9 at Sun May  3 13:22:40 UTC 2026
Cache sync 10 at Sun May  3 13:22:40 UTC 2026
Cache sync 11 at Sun May  3 13:22:40 UTC 2026
Cache sync 12 at Sun May  3 13:22:40 UTC 2026
Cache sync 13 at Sun May  3 13:22:40 UTC 2026
Cache sync 14 at Sun May  3 13:22:40 UTC 2026
Cache sync 15 at Sun May  3 13:22:40 UTC 2026
Cache sync 16 at Sun May  3 13:22:40 UTC 2026
Cache sync 17 at Sun May  3 13:22:40 UTC 2026
Cache sync 18 at Sun May  3 13:22:40 UTC 2026
Cache sync 19 at Sun May  3 13:22:40 UTC 2026
Cache sync 20 at Sun May  3 13:22:40 UTC 2026
Cache sync 21 at Sun May  3 13:22:40 UTC 2026
Cache sync 22 at Sun May  3 13:22:40 UTC 2026
Cache sync 23 at Sun May  3 13:22:40 UTC 2026
Cache sync 24 at Sun May  3 13:22:40 UTC 2026
Cache sync 25 at Sun May  3 13:22:40 UTC 2026
Cache sync 26 at Sun May  3 13:22:40 UTC 2026
Cache sync 27 at Sun May  3 13:22:40 UTC 2026
Cache sync 28 at Sun May  3 13:22:40 UTC 2026
Cache sync 29 at Sun May  3 13:22:40 UTC 2026
Cache sync 30 at Sun May  3 13:22:40 UTC 2026
Cache sync 31 at Sun May  3 13:22:40 UTC 2026
Cache sync 32 at Sun May  3 13:22:40 UTC 2026
Cache sync 33 at Sun May  3 13:22:40 UTC 2026
Cache sync 34 at Sun May  3 13:22:40 UTC 2026
Cache sync 35 at Sun May  3 13:22:40 UTC 2026
Cache sync 36 at Sun May  3 13:22:40 UTC 2026
Cache sync 37 at Sun May  3 13:22:40 UTC 2026
Cache sync 1 at Mon May  4 03:41:39 UTC 2026
Cache sync 2 at Mon May  4 03:41:39 UTC 2026
Cache sync 3 at Mon May  4 03:41:39 UTC 2026
Cache sync 4 at Mon May  4 03:41:39 UTC 2026
Cache sync 5 at Mon May  4 03:41:39 UTC 2026
Cache sync 6 at Mon May  4 03:41:39 UTC 2026
Cache sync 7 at Mon May  4 03:41:39 UTC 2026
Cache sync 8 at Mon May  4 03:41:39 UTC 2026
Cache sync 9 at Mon May  4 03:41:39 UTC 2026
Cache sync 10 at Mon May  4 03:41:39 UTC 2026
Cache sync 11 at Mon May  4 03:41:39 UTC 2026
Cache sync 12 at Mon May  4 03:41:39 UTC 2026
Cache sync 13 at Mon May  4 03:41:39 UTC 2026
Cache sync 14 at Mon May  4 03:41:39 UTC 2026
Cache sync 15 at Mon May  4 03:41:39 UTC 2026
Cache sync 16 at Mon May  4 03:41:39 UTC 2026
Cache sync 17 at Mon May  4 03:41:39 UTC 2026
Cache sync 18 at Mon May  4 03:41:39 UTC 2026
Cache sync 19 at Mon May  4 03:41:39 UTC 2026
Cache sync 20 at Mon May  4 03:41:39 UTC 2026
Cache sync 21 at Mon May  4 03:41:39 UTC 2026
Cache sync 22 at Mon May  4 03:41:39 UTC 2026
Cache sync 23 at Mon May  4 03:41:39 UTC 2026
Cache sync 24 at Mon May  4 03:41:39 UTC 2026
Cache sync 25 at Mon May  4 03:41:39 UTC 2026
Cache sync 26 at Mon May  4 03:41:39 UTC 2026
Cache sync 27 at Mon May  4 03:41:39 UTC 2026
Cache sync 28 at Mon May  4 03:41:39 UTC 2026
Cache sync 29 at Mon May  4 03:41:39 UTC 2026
Cache sync 30 at Mon May  4 03:41:39 UTC 2026
Cache sync 31 at Mon May  4 03:41:39 UTC 2026
Cache sync 32 at Mon May  4 03:41:39 UTC 2026
Cache sync 33 at Mon May  4 03:41:39 UTC 2026
Cache sync 34 at Mon May  4 03:41:39 UTC 2026
Cache sync 35 at Mon May  4 03:41:39 UTC 2026
Cache sync 36 at Mon May  4 03:41:39 UTC 2026
Cache sync 37 at Mon May  4 03:41:39 UTC 2026
Cache sync 38 at Mon May  4 03:41:39 UTC 2026
Cache sync 39 at Mon May  4 03:41:39 UTC 2026
Cache sync 40 at Mon May  4 03:41:39 UTC 2026
Cache sync 41 at Mon May  4 03:41:39 UTC 2026
Cache sync 42 at Mon May  4 03:41:39 UTC 2026
Cache sync 43 at Mon May  4 03:41:39 UTC 2026
Cache sync 44 at Mon May  4 03:41:39 UTC 2026
Cache sync 45 at Mon May  4 03:41:39 UTC 2026
Cache sync 46 at Mon May  4 03:41:39 UTC 2026
Cache sync 47 at Mon May  4 03:41:39 UTC 2026
Cache sync 48 at Mon May  4 03:41:39 UTC 2026
Cache sync 49 at Mon May  4 03:41:39 UTC 2026
Cache sync 50 at Mon May  4 03:41:39 UTC 2026
Cache sync 51 at Mon May  4 03:41:39 UTC 2026
Cache sync 52 at Mon May  4 03:41:39 UTC 2026
Cache sync 53 at Mon May  4 03:41:39 UTC 2026
Cache sync 54 at Mon May  4 03:41:39 UTC 2026
Cache sync 55 at Mon May  4 03:41:39 UTC 2026
Cache sync 56 at Mon May  4 03:41:39 UTC 2026
Cache sync 57 at Mon May  4 03:41:39 UTC 2026
Cache sync 58 at Mon May  4 03:41:39 UTC 2026
Cache sync 59 at Mon May  4 03:41:39 UTC 2026
Cache sync 60 at Mon May  4 03:41:39 UTC 2026
Cache sync 61 at Mon May  4 03:41:39 UTC 2026
Cache sync 1 at Mon May  4 14:14:03 UTC 2026
Cache sync 2 at Mon May  4 14:14:03 UTC 2026
Cache sync 3 at Mon May  4 14:14:03 UTC 2026
Cache sync 4 at Mon May  4 14:14:03 UTC 2026
Cache sync 5 at Mon May  4 14:14:03 UTC 2026
Cache sync 6 at Mon May  4 14:14:03 UTC 2026
Cache sync 7 at Mon May  4 14:14:03 UTC 2026
Cache sync 8 at Mon May  4 14:14:03 UTC 2026
Cache sync 9 at Mon May  4 14:14:03 UTC 2026
Cache sync 1 at Tue May  5 03:27:37 UTC 2026
Cache sync 2 at Tue May  5 03:27:37 UTC 2026
Cache sync 3 at Tue May  5 03:27:37 UTC 2026
Cache sync 4 at Tue May  5 03:27:37 UTC 2026
Cache sync 5 at Tue May  5 03:27:37 UTC 2026
Cache sync 6 at Tue May  5 03:27:37 UTC 2026
Cache sync 7 at Tue May  5 03:27:37 UTC 2026
Cache sync 8 at Tue May  5 03:27:37 UTC 2026
Cache sync 9 at Tue May  5 03:27:37 UTC 2026
Cache sync 10 at Tue May  5 03:27:37 UTC 2026
Cache sync 11 at Tue May  5 03:27:37 UTC 2026
Cache sync 12 at Tue May  5 03:27:37 UTC 2026
Cache sync 13 at Tue May  5 03:27:37 UTC 2026
Cache sync 14 at Tue May  5 03:27:37 UTC 2026
Cache sync 15 at Tue May  5 03:27:37 UTC 2026
Cache sync 16 at Tue May  5 03:27:37 UTC 2026
Cache sync 17 at Tue May  5 03:27:37 UTC 2026
Cache sync 18 at Tue May  5 03:27:37 UTC 2026
Cache sync 19 at Tue May  5 03:27:37 UTC 2026
Cache sync 1 at Wed May  6 03:38:37 UTC 2026
Cache sync 2 at Wed May  6 03:38:37 UTC 2026
Cache sync 3 at Wed May  6 03:38:37 UTC 2026
Cache sync 4 at Wed May  6 03:38:37 UTC 2026
Cache sync 5 at Wed May  6 03:38:37 UTC 2026
Cache sync 6 at Wed May  6 03:38:37 UTC 2026
Cache sync 7 at Wed May  6 03:38:37 UTC 2026
Cache sync 8 at Wed May  6 03:38:37 UTC 2026
Cache sync 9 at Wed May  6 03:38:37 UTC 2026
Cache sync 10 at Wed May  6 03:38:37 UTC 2026
Cache sync 11 at Wed May  6 03:38:37 UTC 2026
Cache sync 12 at Wed May  6 03:38:37 UTC 2026
Cache sync 13 at Wed May  6 03:38:37 UTC 2026
Cache sync 14 at Wed May  6 03:38:37 UTC 2026
Cache sync 15 at Wed May  6 03:38:37 UTC 2026
Cache sync 16 at Wed May  6 03:38:37 UTC 2026
Cache sync 17 at Wed May  6 03:38:37 UTC 2026
Cache sync 18 at Wed May  6 03:38:37 UTC 2026
Cache sync 19 at Wed May  6 03:38:37 UTC 2026
Cache sync 20 at Wed May  6 03:38:37 UTC 2026
Cache sync 21 at Wed May  6 03:38:37 UTC 2026
Cache sync 22 at Wed May  6 03:38:37 UTC 2026
Cache sync 23 at Wed May  6 03:38:37 UTC 2026
Cache sync 24 at Wed May  6 03:38:37 UTC 2026
Cache sync 25 at Wed May  6 03:38:37 UTC 2026
Cache sync 26 at Wed May  6 03:38:37 UTC 2026
Cache sync 27 at Wed May  6 03:38:37 UTC 2026
Cache sync 28 at Wed May  6 03:38:37 UTC 2026
Cache sync 29 at Wed May  6 03:38:37 UTC 2026
Cache sync 30 at Wed May  6 03:38:37 UTC 2026
Cache sync 31 at Wed May  6 03:38:37 UTC 2026
Cache sync 32 at Wed May  6 03:38:37 UTC 2026
Cache sync 33 at Wed May  6 03:38:37 UTC 2026
Cache sync 34 at Wed May  6 03:38:37 UTC 2026
Cache sync 35 at Wed May  6 03:38:37 UTC 2026
Cache sync 36 at Wed May  6 03:38:37 UTC 2026
Cache sync 37 at Wed May  6 03:38:37 UTC 2026
Cache sync 38 at Wed May  6 03:38:37 UTC 2026
Cache sync 39 at Wed May  6 03:38:37 UTC 2026
Cache sync 40 at Wed May  6 03:38:37 UTC 2026
Cache sync 41 at Wed May  6 03:38:37 UTC 2026
Cache sync 42 at Wed May  6 03:38:37 UTC 2026
Cache sync 43 at Wed May  6 03:38:37 UTC 2026
Cache sync 44 at Wed May  6 03:38:37 UTC 2026
Cache sync 45 at Wed May  6 03:38:37 UTC 2026
Cache sync 46 at Wed May  6 03:38:37 UTC 2026
Cache sync 47 at Wed May  6 03:38:37 UTC 2026
Cache sync 48 at Wed May  6 03:38:37 UTC 2026
Cache sync 49 at Wed May  6 03:38:37 UTC 2026
Cache sync 50 at Wed May  6 03:38:37 UTC 2026
Cache sync 51 at Wed May  6 03:38:37 UTC 2026
Cache sync 52 at Wed May  6 03:38:37 UTC 2026
Cache sync 53 at Wed May  6 03:38:37 UTC 2026
Cache sync 54 at Wed May  6 03:38:37 UTC 2026
Cache sync 55 at Wed May  6 03:38:37 UTC 2026
Cache sync 56 at Wed May  6 03:38:37 UTC 2026
Cache sync 1 at Wed May  6 14:27:00 UTC 2026
Cache sync 2 at Wed May  6 14:27:00 UTC 2026
Cache sync 3 at Wed May  6 14:27:00 UTC 2026
Cache sync 4 at Wed May  6 14:27:00 UTC 2026
Cache sync 5 at Wed May  6 14:27:00 UTC 2026
Cache sync 6 at Wed May  6 14:27:00 UTC 2026
Cache sync 7 at Wed May  6 14:27:00 UTC 2026
Cache sync 8 at Wed May  6 14:27:00 UTC 2026
Cache sync 9 at Wed May  6 14:27:00 UTC 2026
Cache sync 10 at Wed May  6 14:27:00 UTC 2026
Cache sync 11 at Wed May  6 14:27:00 UTC 2026
Cache sync 12 at Wed May  6 14:27:00 UTC 2026
Cache sync 13 at Wed May  6 14:27:00 UTC 2026
Cache sync 14 at Wed May  6 14:27:00 UTC 2026
Cache sync 15 at Wed May  6 14:27:00 UTC 2026
Cache sync 16 at Wed May  6 14:27:00 UTC 2026
Cache sync 17 at Wed May  6 14:27:00 UTC 2026
Cache sync 18 at Wed May  6 14:27:00 UTC 2026
Cache sync 19 at Wed May  6 14:27:00 UTC 2026
Cache sync 20 at Wed May  6 14:27:00 UTC 2026
Cache sync 21 at Wed May  6 14:27:00 UTC 2026
Cache sync 22 at Wed May  6 14:27:00 UTC 2026
Cache sync 23 at Wed May  6 14:27:00 UTC 2026
Cache sync 24 at Wed May  6 14:27:00 UTC 2026
Cache sync 25 at Wed May  6 14:27:00 UTC 2026
Cache sync 26 at Wed May  6 14:27:00 UTC 2026
Cache sync 27 at Wed May  6 14:27:00 UTC 2026
Cache sync 28 at Wed May  6 14:27:00 UTC 2026
Cache sync 29 at Wed May  6 14:27:00 UTC 2026
Cache sync 30 at Wed May  6 14:27:00 UTC 2026
Cache sync 31 at Wed May  6 14:27:00 UTC 2026
Cache sync 32 at Wed May  6 14:27:00 UTC 2026
Cache sync 33 at Wed May  6 14:27:00 UTC 2026
Cache sync 34 at Wed May  6 14:27:00 UTC 2026
Cache sync 35 at Wed May  6 14:27:00 UTC 2026
Cache sync 1 at Thu May  7 03:38:29 UTC 2026
Cache sync 2 at Thu May  7 03:38:29 UTC 2026
Cache sync 3 at Thu May  7 03:38:29 UTC 2026
Cache sync 4 at Thu May  7 03:38:29 UTC 2026
Cache sync 5 at Thu May  7 03:38:29 UTC 2026
Cache sync 6 at Thu May  7 03:38:29 UTC 2026
Cache sync 7 at Thu May  7 03:38:29 UTC 2026
Cache sync 8 at Thu May  7 03:38:29 UTC 2026
Cache sync 9 at Thu May  7 03:38:29 UTC 2026
Cache sync 10 at Thu May  7 03:38:29 UTC 2026
Cache sync 11 at Thu May  7 03:38:29 UTC 2026
Cache sync 12 at Thu May  7 03:38:29 UTC 2026
Cache sync 13 at Thu May  7 03:38:29 UTC 2026
Cache sync 14 at Thu May  7 03:38:29 UTC 2026
Cache sync 15 at Thu May  7 03:38:29 UTC 2026
Cache sync 16 at Thu May  7 03:38:29 UTC 2026
Cache sync 17 at Thu May  7 03:38:29 UTC 2026
Cache sync 18 at Thu May  7 03:38:29 UTC 2026
Cache sync 19 at Thu May  7 03:38:29 UTC 2026
Cache sync 20 at Thu May  7 03:38:29 UTC 2026
Cache sync 21 at Thu May  7 03:38:29 UTC 2026
Cache sync 22 at Thu May  7 03:38:29 UTC 2026
Cache sync 23 at Thu May  7 03:38:29 UTC 2026
Cache sync 24 at Thu May  7 03:38:29 UTC 2026
Cache sync 25 at Thu May  7 03:38:29 UTC 2026
Cache sync 26 at Thu May  7 03:38:29 UTC 2026
Cache sync 27 at Thu May  7 03:38:29 UTC 2026
Cache sync 28 at Thu May  7 03:38:29 UTC 2026
Cache sync 29 at Thu May  7 03:38:29 UTC 2026
Cache sync 30 at Thu May  7 03:38:29 UTC 2026
Cache sync 31 at Thu May  7 03:38:29 UTC 2026
Cache sync 32 at Thu May  7 03:38:29 UTC 2026
Cache sync 33 at Thu May  7 03:38:29 UTC 2026
Cache sync 34 at Thu May  7 03:38:29 UTC 2026
Cache sync 35 at Thu May  7 03:38:29 UTC 2026
Cache sync 36 at Thu May  7 03:38:29 UTC 2026
Cache sync 37 at Thu May  7 03:38:29 UTC 2026
Cache sync 38 at Thu May  7 03:38:29 UTC 2026
Cache sync 39 at Thu May  7 03:38:29 UTC 2026
Cache sync 40 at Thu May  7 03:38:29 UTC 2026
Cache sync 41 at Thu May  7 03:38:29 UTC 2026
Cache sync 42 at Thu May  7 03:38:29 UTC 2026
Cache sync 43 at Thu May  7 03:38:29 UTC 2026
Cache sync 44 at Thu May  7 03:38:29 UTC 2026
Cache sync 45 at Thu May  7 03:38:29 UTC 2026
Cache sync 46 at Thu May  7 03:38:29 UTC 2026
Cache sync 47 at Thu May  7 03:38:29 UTC 2026
Cache sync 48 at Thu May  7 03:38:29 UTC 2026
Cache sync 49 at Thu May  7 03:38:29 UTC 2026
Cache sync 50 at Thu May  7 03:38:29 UTC 2026
Cache sync 51 at Thu May  7 03:38:29 UTC 2026
Cache sync 52 at Thu May  7 03:38:29 UTC 2026
Cache sync 53 at Thu May  7 03:38:29 UTC 2026
Cache sync 54 at Thu May  7 03:38:29 UTC 2026
Cache sync 55 at Thu May  7 03:38:29 UTC 2026
Cache sync 56 at Thu May  7 03:38:29 UTC 2026
Cache sync 57 at Thu May  7 03:38:29 UTC 2026
Cache sync 58 at Thu May  7 03:38:29 UTC 2026
Cache sync 59 at Thu May  7 03:38:29 UTC 2026
Cache sync 60 at Thu May  7 03:38:29 UTC 2026
Cache sync 61 at Thu May  7 03:38:29 UTC 2026
Cache sync 62 at Thu May  7 03:38:29 UTC 2026
Cache sync 63 at Thu May  7 03:38:29 UTC 2026
Cache sync 64 at Thu May  7 03:38:29 UTC 2026
Cache sync 65 at Thu May  7 03:38:29 UTC 2026
Cache sync 66 at Thu May  7 03:38:29 UTC 2026
Cache sync 67 at Thu May  7 03:38:29 UTC 2026
Cache sync 68 at Thu May  7 03:38:29 UTC 2026
Cache sync 69 at Thu May  7 03:38:29 UTC 2026
Cache sync 70 at Thu May  7 03:38:29 UTC 2026
Cache sync 1 at Thu May  7 14:27:31 UTC 2026
Cache sync 2 at Thu May  7 14:27:31 UTC 2026
Cache sync 3 at Thu May  7 14:27:31 UTC 2026
Cache sync 4 at Thu May  7 14:27:31 UTC 2026
Cache sync 5 at Thu May  7 14:27:31 UTC 2026
Cache sync 6 at Thu May  7 14:27:31 UTC 2026
Cache sync 7 at Thu May  7 14:27:31 UTC 2026
Cache sync 8 at Thu May  7 14:27:31 UTC 2026
Cache sync 9 at Thu May  7 14:27:31 UTC 2026
Cache sync 10 at Thu May  7 14:27:31 UTC 2026
Cache sync 11 at Thu May  7 14:27:31 UTC 2026
Cache sync 12 at Thu May  7 14:27:31 UTC 2026
Cache sync 13 at Thu May  7 14:27:31 UTC 2026
Cache sync 14 at Thu May  7 14:27:31 UTC 2026
Cache sync 15 at Thu May  7 14:27:31 UTC 2026
Cache sync 16 at Thu May  7 14:27:31 UTC 2026
Cache sync 17 at Thu May  7 14:27:31 UTC 2026
Cache sync 18 at Thu May  7 14:27:31 UTC 2026
Cache sync 19 at Thu May  7 14:27:31 UTC 2026
Cache sync 20 at Thu May  7 14:27:31 UTC 2026
Cache sync 21 at Thu May  7 14:27:31 UTC 2026
Cache sync 22 at Thu May  7 14:27:31 UTC 2026
Cache sync 23 at Thu May  7 14:27:31 UTC 2026
Cache sync 24 at Thu May  7 14:27:31 UTC 2026
Cache sync 25 at Thu May  7 14:27:31 UTC 2026
Cache sync 26 at Thu May  7 14:27:31 UTC 2026
Cache sync 27 at Thu May  7 14:27:31 UTC 2026
Cache sync 28 at Thu May  7 14:27:31 UTC 2026
Cache sync 29 at Thu May  7 14:27:31 UTC 2026
Cache sync 30 at Thu May  7 14:27:31 UTC 2026
Cache sync 31 at Thu May  7 14:27:31 UTC 2026
Cache sync 32 at Thu May  7 14:27:31 UTC 2026
Cache sync 33 at Thu May  7 14:27:31 UTC 2026
Cache sync 34 at Thu May  7 14:27:31 UTC 2026
Cache sync 35 at Thu May  7 14:27:31 UTC 2026
Cache sync 36 at Thu May  7 14:27:31 UTC 2026
Cache sync 37 at Thu May  7 14:27:31 UTC 2026
Cache sync 38 at Thu May  7 14:27:31 UTC 2026
Cache sync 39 at Thu May  7 14:27:31 UTC 2026
Cache sync 40 at Thu May  7 14:27:31 UTC 2026
Cache sync 41 at Thu May  7 14:27:31 UTC 2026
Cache sync 42 at Thu May  7 14:27:31 UTC 2026
Cache sync 43 at Thu May  7 14:27:31 UTC 2026
Cache sync 44 at Thu May  7 14:27:31 UTC 2026
Cache sync 45 at Thu May  7 14:27:31 UTC 2026
Cache sync 46 at Thu May  7 14:27:31 UTC 2026
Cache sync 47 at Thu May  7 14:27:32 UTC 2026
Cache sync 48 at Thu May  7 14:27:32 UTC 2026
Cache sync 49 at Thu May  7 14:27:32 UTC 2026
Cache sync 50 at Thu May  7 14:27:32 UTC 2026
Cache sync 51 at Thu May  7 14:27:32 UTC 2026
Cache sync 52 at Thu May  7 14:27:32 UTC 2026
Cache sync 53 at Thu May  7 14:27:32 UTC 2026
Cache sync 54 at Thu May  7 14:27:32 UTC 2026
Cache sync 55 at Thu May  7 14:27:32 UTC 2026
Cache sync 56 at Thu May  7 14:27:32 UTC 2026
Cache sync 57 at Thu May  7 14:27:32 UTC 2026
Cache sync 58 at Thu May  7 14:27:32 UTC 2026
Cache sync 59 at Thu May  7 14:27:32 UTC 2026
Cache sync 60 at Thu May  7 14:27:32 UTC 2026
Cache sync 61 at Thu May  7 14:27:32 UTC 2026
Cache sync 62 at Thu May  7 14:27:32 UTC 2026
Cache sync 63 at Thu May  7 14:27:32 UTC 2026
Cache sync 64 at Thu May  7 14:27:32 UTC 2026
Cache sync 65 at Thu May  7 14:27:32 UTC 2026
Cache sync 66 at Thu May  7 14:27:32 UTC 2026
Cache sync 67 at Thu May  7 14:27:32 UTC 2026
Cache sync 68 at Thu May  7 14:27:32 UTC 2026
Cache sync 69 at Thu May  7 14:27:32 UTC 2026
Cache sync 70 at Thu May  7 14:27:32 UTC 2026
Cache sync 71 at Thu May  7 14:27:32 UTC 2026
Cache sync 72 at Thu May  7 14:27:32 UTC 2026
Cache sync 73 at Thu May  7 14:27:32 UTC 2026
Cache sync 74 at Thu May  7 14:27:32 UTC 2026
Cache sync 75 at Thu May  7 14:27:32 UTC 2026
Cache sync 76 at Thu May  7 14:27:32 UTC 2026
Cache sync 77 at Thu May  7 14:27:32 UTC 2026
Cache sync 78 at Thu May  7 14:27:32 UTC 2026
Cache sync 79 at Thu May  7 14:27:32 UTC 2026
Cache sync 80 at Thu May  7 14:27:32 UTC 2026
Cache sync 81 at Thu May  7 14:27:32 UTC 2026
Cache sync 82 at Thu May  7 14:27:32 UTC 2026
Cache sync 83 at Thu May  7 14:27:32 UTC 2026
Cache sync 84 at Thu May  7 14:27:32 UTC 2026
Cache sync 85 at Thu May  7 14:27:32 UTC 2026
Cache sync 1 at Fri May  8 03:32:57 UTC 2026
Cache sync 2 at Fri May  8 03:32:57 UTC 2026
Cache sync 3 at Fri May  8 03:32:57 UTC 2026
Cache sync 4 at Fri May  8 03:32:57 UTC 2026
Cache sync 5 at Fri May  8 03:32:57 UTC 2026
Cache sync 6 at Fri May  8 03:32:58 UTC 2026
Cache sync 7 at Fri May  8 03:32:58 UTC 2026
Cache sync 8 at Fri May  8 03:32:58 UTC 2026
Cache sync 9 at Fri May  8 03:32:58 UTC 2026
Cache sync 10 at Fri May  8 03:32:58 UTC 2026
Cache sync 11 at Fri May  8 03:32:58 UTC 2026
Cache sync 12 at Fri May  8 03:32:58 UTC 2026
Cache sync 13 at Fri May  8 03:32:58 UTC 2026
Cache sync 14 at Fri May  8 03:32:58 UTC 2026
Cache sync 15 at Fri May  8 03:32:58 UTC 2026
Cache sync 16 at Fri May  8 03:32:58 UTC 2026
Cache sync 17 at Fri May  8 03:32:58 UTC 2026
Cache sync 18 at Fri May  8 03:32:58 UTC 2026
Cache sync 19 at Fri May  8 03:32:58 UTC 2026
Cache sync 20 at Fri May  8 03:32:58 UTC 2026
Cache sync 21 at Fri May  8 03:32:58 UTC 2026
Cache sync 22 at Fri May  8 03:32:58 UTC 2026
Cache sync 23 at Fri May  8 03:32:58 UTC 2026
Cache sync 24 at Fri May  8 03:32:58 UTC 2026
Cache sync 25 at Fri May  8 03:32:58 UTC 2026
Cache sync 26 at Fri May  8 03:32:58 UTC 2026
Cache sync 27 at Fri May  8 03:32:58 UTC 2026
Cache sync 28 at Fri May  8 03:32:58 UTC 2026
Cache sync 29 at Fri May  8 03:32:58 UTC 2026
Cache sync 30 at Fri May  8 03:32:58 UTC 2026
Cache sync 31 at Fri May  8 03:32:58 UTC 2026
Cache sync 32 at Fri May  8 03:32:58 UTC 2026
Cache sync 33 at Fri May  8 03:32:58 UTC 2026
Cache sync 34 at Fri May  8 03:32:58 UTC 2026
Cache sync 35 at Fri May  8 03:32:58 UTC 2026
Cache sync 36 at Fri May  8 03:32:58 UTC 2026
Cache sync 37 at Fri May  8 03:32:58 UTC 2026
Cache sync 38 at Fri May  8 03:32:58 UTC 2026
Cache sync 39 at Fri May  8 03:32:58 UTC 2026
Cache sync 40 at Fri May  8 03:32:58 UTC 2026
Cache sync 41 at Fri May  8 03:32:58 UTC 2026
Cache sync 42 at Fri May  8 03:32:58 UTC 2026
Cache sync 43 at Fri May  8 03:32:58 UTC 2026
Cache sync 44 at Fri May  8 03:32:58 UTC 2026
Cache sync 45 at Fri May  8 03:32:58 UTC 2026
Cache sync 46 at Fri May  8 03:32:58 UTC 2026
Cache sync 47 at Fri May  8 03:32:58 UTC 2026
Cache sync 48 at Fri May  8 03:32:58 UTC 2026
Cache sync 49 at Fri May  8 03:32:58 UTC 2026
Cache sync 50 at Fri May  8 03:32:58 UTC 2026
Cache sync 51 at Fri May  8 03:32:58 UTC 2026
Cache sync 52 at Fri May  8 03:32:58 UTC 2026
Cache sync 53 at Fri May  8 03:32:58 UTC 2026
Cache sync 54 at Fri May  8 03:32:58 UTC 2026
Cache sync 55 at Fri May  8 03:32:58 UTC 2026
Cache sync 56 at Fri May  8 03:32:58 UTC 2026
Cache sync 57 at Fri May  8 03:32:58 UTC 2026
Cache sync 58 at Fri May  8 03:32:58 UTC 2026
Cache sync 59 at Fri May  8 03:32:58 UTC 2026
Cache sync 60 at Fri May  8 03:32:58 UTC 2026
Cache sync 61 at Fri May  8 03:32:58 UTC 2026
Cache sync 62 at Fri May  8 03:32:58 UTC 2026
Cache sync 63 at Fri May  8 03:32:58 UTC 2026
Cache sync 64 at Fri May  8 03:32:58 UTC 2026
Cache sync 65 at Fri May  8 03:32:58 UTC 2026
Cache sync 66 at Fri May  8 03:32:58 UTC 2026
Cache sync 67 at Fri May  8 03:32:58 UTC 2026
Cache sync 68 at Fri May  8 03:32:58 UTC 2026
Cache sync 69 at Fri May  8 03:32:58 UTC 2026
Cache sync 70 at Fri May  8 03:32:58 UTC 2026
Cache sync 71 at Fri May  8 03:32:58 UTC 2026
Cache sync 72 at Fri May  8 03:32:58 UTC 2026
Cache sync 1 at Fri May  8 14:01:43 UTC 2026
Cache sync 2 at Fri May  8 14:01:43 UTC 2026
Cache sync 3 at Fri May  8 14:01:43 UTC 2026
Cache sync 4 at Fri May  8 14:01:43 UTC 2026
Cache sync 5 at Fri May  8 14:01:43 UTC 2026
Cache sync 6 at Fri May  8 14:01:43 UTC 2026
Cache sync 7 at Fri May  8 14:01:43 UTC 2026
Cache sync 8 at Fri May  8 14:01:43 UTC 2026
Cache sync 9 at Fri May  8 14:01:43 UTC 2026
Cache sync 10 at Fri May  8 14:01:43 UTC 2026
Cache sync 11 at Fri May  8 14:01:43 UTC 2026
Cache sync 12 at Fri May  8 14:01:43 UTC 2026
Cache sync 13 at Fri May  8 14:01:43 UTC 2026
Cache sync 14 at Fri May  8 14:01:43 UTC 2026
Cache sync 15 at Fri May  8 14:01:43 UTC 2026
Cache sync 16 at Fri May  8 14:01:43 UTC 2026
Cache sync 17 at Fri May  8 14:01:43 UTC 2026
Cache sync 18 at Fri May  8 14:01:43 UTC 2026
Cache sync 19 at Fri May  8 14:01:43 UTC 2026
Cache sync 20 at Fri May  8 14:01:43 UTC 2026
Cache sync 21 at Fri May  8 14:01:43 UTC 2026
Cache sync 22 at Fri May  8 14:01:43 UTC 2026
Cache sync 23 at Fri May  8 14:01:43 UTC 2026
Cache sync 24 at Fri May  8 14:01:43 UTC 2026
Cache sync 25 at Fri May  8 14:01:43 UTC 2026
Cache sync 26 at Fri May  8 14:01:43 UTC 2026
Cache sync 27 at Fri May  8 14:01:43 UTC 2026
Cache sync 28 at Fri May  8 14:01:43 UTC 2026
Cache sync 29 at Fri May  8 14:01:43 UTC 2026
Cache sync 30 at Fri May  8 14:01:43 UTC 2026
Cache sync 31 at Fri May  8 14:01:43 UTC 2026
Cache sync 32 at Fri May  8 14:01:43 UTC 2026
Cache sync 33 at Fri May  8 14:01:43 UTC 2026
Cache sync 34 at Fri May  8 14:01:43 UTC 2026
Cache sync 35 at Fri May  8 14:01:43 UTC 2026
Cache sync 36 at Fri May  8 14:01:43 UTC 2026
Cache sync 37 at Fri May  8 14:01:43 UTC 2026
Cache sync 38 at Fri May  8 14:01:43 UTC 2026
Cache sync 39 at Fri May  8 14:01:43 UTC 2026
Cache sync 40 at Fri May  8 14:01:43 UTC 2026
Cache sync 41 at Fri May  8 14:01:43 UTC 2026
Cache sync 42 at Fri May  8 14:01:43 UTC 2026
Cache sync 43 at Fri May  8 14:01:43 UTC 2026
Cache sync 44 at Fri May  8 14:01:43 UTC 2026
Cache sync 45 at Fri May  8 14:01:43 UTC 2026
Cache sync 46 at Fri May  8 14:01:43 UTC 2026
Cache sync 47 at Fri May  8 14:01:43 UTC 2026
Cache sync 48 at Fri May  8 14:01:43 UTC 2026
Cache sync 49 at Fri May  8 14:01:43 UTC 2026
Cache sync 50 at Fri May  8 14:01:43 UTC 2026
Cache sync 51 at Fri May  8 14:01:43 UTC 2026
Cache sync 52 at Fri May  8 14:01:43 UTC 2026
Cache sync 53 at Fri May  8 14:01:43 UTC 2026
Cache sync 54 at Fri May  8 14:01:43 UTC 2026
Cache sync 55 at Fri May  8 14:01:43 UTC 2026
Cache sync 56 at Fri May  8 14:01:43 UTC 2026
Cache sync 57 at Fri May  8 14:01:43 UTC 2026
Cache sync 58 at Fri May  8 14:01:43 UTC 2026
Cache sync 59 at Fri May  8 14:01:43 UTC 2026
Cache sync 60 at Fri May  8 14:01:43 UTC 2026
Cache sync 61 at Fri May  8 14:01:43 UTC 2026
Cache sync 62 at Fri May  8 14:01:43 UTC 2026
Cache sync 1 at Sat May  9 03:32:47 UTC 2026
Cache sync 2 at Sat May  9 03:32:47 UTC 2026
Cache sync 3 at Sat May  9 03:32:47 UTC 2026
Cache sync 4 at Sat May  9 03:32:47 UTC 2026
Cache sync 5 at Sat May  9 03:32:47 UTC 2026
Cache sync 6 at Sat May  9 03:32:47 UTC 2026
Cache sync 7 at Sat May  9 03:32:47 UTC 2026
Cache sync 8 at Sat May  9 03:32:47 UTC 2026
Cache sync 9 at Sat May  9 03:32:47 UTC 2026
Cache sync 10 at Sat May  9 03:32:47 UTC 2026
Cache sync 11 at Sat May  9 03:32:47 UTC 2026
Cache sync 12 at Sat May  9 03:32:48 UTC 2026
Cache sync 13 at Sat May  9 03:32:48 UTC 2026
Cache sync 14 at Sat May  9 03:32:48 UTC 2026
Cache sync 15 at Sat May  9 03:32:48 UTC 2026
Cache sync 16 at Sat May  9 03:32:48 UTC 2026
Cache sync 17 at Sat May  9 03:32:48 UTC 2026
Cache sync 18 at Sat May  9 03:32:48 UTC 2026
Cache sync 1 at Sat May  9 13:27:24 UTC 2026
Cache sync 2 at Sat May  9 13:27:24 UTC 2026
Cache sync 3 at Sat May  9 13:27:24 UTC 2026
Cache sync 4 at Sat May  9 13:27:24 UTC 2026
Cache sync 5 at Sat May  9 13:27:24 UTC 2026
Cache sync 6 at Sat May  9 13:27:24 UTC 2026
Cache sync 7 at Sat May  9 13:27:24 UTC 2026
Cache sync 8 at Sat May  9 13:27:24 UTC 2026
Cache sync 9 at Sat May  9 13:27:24 UTC 2026
Cache sync 10 at Sat May  9 13:27:24 UTC 2026
Cache sync 11 at Sat May  9 13:27:24 UTC 2026
Cache sync 12 at Sat May  9 13:27:24 UTC 2026
Cache sync 13 at Sat May  9 13:27:24 UTC 2026
Cache sync 14 at Sat May  9 13:27:24 UTC 2026
Cache sync 15 at Sat May  9 13:27:24 UTC 2026
Cache sync 16 at Sat May  9 13:27:24 UTC 2026
Cache sync 17 at Sat May  9 13:27:24 UTC 2026
Cache sync 18 at Sat May  9 13:27:24 UTC 2026
Cache sync 19 at Sat May  9 13:27:24 UTC 2026
Cache sync 20 at Sat May  9 13:27:24 UTC 2026
Cache sync 21 at Sat May  9 13:27:24 UTC 2026
Cache sync 22 at Sat May  9 13:27:24 UTC 2026
Cache sync 23 at Sat May  9 13:27:24 UTC 2026
Cache sync 24 at Sat May  9 13:27:24 UTC 2026
Cache sync 1 at Sun May 10 03:47:47 UTC 2026
Cache sync 2 at Sun May 10 03:47:47 UTC 2026
Cache sync 3 at Sun May 10 03:47:47 UTC 2026
Cache sync 4 at Sun May 10 03:47:47 UTC 2026
Cache sync 5 at Sun May 10 03:47:47 UTC 2026
Cache sync 6 at Sun May 10 03:47:47 UTC 2026
Cache sync 7 at Sun May 10 03:47:47 UTC 2026
Cache sync 8 at Sun May 10 03:47:47 UTC 2026
Cache sync 9 at Sun May 10 03:47:47 UTC 2026
Cache sync 10 at Sun May 10 03:47:47 UTC 2026
Cache sync 11 at Sun May 10 03:47:47 UTC 2026
Cache sync 12 at Sun May 10 03:47:47 UTC 2026
Cache sync 13 at Sun May 10 03:47:47 UTC 2026
Cache sync 14 at Sun May 10 03:47:47 UTC 2026
Cache sync 15 at Sun May 10 03:47:47 UTC 2026
Cache sync 16 at Sun May 10 03:47:47 UTC 2026
Cache sync 17 at Sun May 10 03:47:47 UTC 2026
Cache sync 18 at Sun May 10 03:47:47 UTC 2026
Cache sync 19 at Sun May 10 03:47:47 UTC 2026
Cache sync 20 at Sun May 10 03:47:47 UTC 2026
Cache sync 21 at Sun May 10 03:47:47 UTC 2026
Cache sync 22 at Sun May 10 03:47:47 UTC 2026
Cache sync 23 at Sun May 10 03:47:47 UTC 2026
Cache sync 24 at Sun May 10 03:47:47 UTC 2026
Cache sync 25 at Sun May 10 03:47:47 UTC 2026
Cache sync 26 at Sun May 10 03:47:47 UTC 2026
Cache sync 27 at Sun May 10 03:47:47 UTC 2026
Cache sync 28 at Sun May 10 03:47:47 UTC 2026
Cache sync 29 at Sun May 10 03:47:47 UTC 2026
Cache sync 30 at Sun May 10 03:47:47 UTC 2026
Cache sync 31 at Sun May 10 03:47:47 UTC 2026
Cache sync 32 at Sun May 10 03:47:47 UTC 2026
Cache sync 33 at Sun May 10 03:47:47 UTC 2026
Cache sync 34 at Sun May 10 03:47:47 UTC 2026
Cache sync 35 at Sun May 10 03:47:47 UTC 2026
Cache sync 36 at Sun May 10 03:47:47 UTC 2026
Cache sync 37 at Sun May 10 03:47:47 UTC 2026
Cache sync 38 at Sun May 10 03:47:47 UTC 2026
Cache sync 39 at Sun May 10 03:47:47 UTC 2026
Cache sync 40 at Sun May 10 03:47:47 UTC 2026
Cache sync 41 at Sun May 10 03:47:47 UTC 2026
Cache sync 42 at Sun May 10 03:47:47 UTC 2026
Cache sync 43 at Sun May 10 03:47:47 UTC 2026
Cache sync 44 at Sun May 10 03:47:47 UTC 2026
Cache sync 45 at Sun May 10 03:47:47 UTC 2026
Cache sync 46 at Sun May 10 03:47:47 UTC 2026
Cache sync 47 at Sun May 10 03:47:47 UTC 2026
Cache sync 48 at Sun May 10 03:47:47 UTC 2026
Cache sync 49 at Sun May 10 03:47:47 UTC 2026
Cache sync 50 at Sun May 10 03:47:47 UTC 2026
Cache sync 51 at Sun May 10 03:47:47 UTC 2026
Cache sync 52 at Sun May 10 03:47:47 UTC 2026
Cache sync 53 at Sun May 10 03:47:47 UTC 2026
Cache sync 54 at Sun May 10 03:47:47 UTC 2026
Cache sync 55 at Sun May 10 03:47:47 UTC 2026
Cache sync 56 at Sun May 10 03:47:47 UTC 2026
Cache sync 57 at Sun May 10 03:47:47 UTC 2026
Cache sync 58 at Sun May 10 03:47:47 UTC 2026
Cache sync 59 at Sun May 10 03:47:47 UTC 2026
Cache sync 60 at Sun May 10 03:47:47 UTC 2026
Cache sync 61 at Sun May 10 03:47:47 UTC 2026
Cache sync 62 at Sun May 10 03:47:47 UTC 2026
Cache sync 63 at Sun May 10 03:47:47 UTC 2026
Cache sync 64 at Sun May 10 03:47:48 UTC 2026
Cache sync 65 at Sun May 10 03:47:48 UTC 2026
Cache sync 66 at Sun May 10 03:47:48 UTC 2026
Cache sync 67 at Sun May 10 03:47:48 UTC 2026
Cache sync 68 at Sun May 10 03:47:48 UTC 2026
Cache sync 69 at Sun May 10 03:47:48 UTC 2026
Cache sync 70 at Sun May 10 03:47:48 UTC 2026
Cache sync 71 at Sun May 10 03:47:48 UTC 2026
Cache sync 72 at Sun May 10 03:47:48 UTC 2026
Cache sync 73 at Sun May 10 03:47:48 UTC 2026
Cache sync 74 at Sun May 10 03:47:48 UTC 2026
Cache sync 75 at Sun May 10 03:47:48 UTC 2026
Cache sync 76 at Sun May 10 03:47:48 UTC 2026
Cache sync 77 at Sun May 10 03:47:48 UTC 2026
Cache sync 78 at Sun May 10 03:47:48 UTC 2026
Cache sync 79 at Sun May 10 03:47:48 UTC 2026
Cache sync 80 at Sun May 10 03:47:48 UTC 2026
Cache sync 81 at Sun May 10 03:47:48 UTC 2026
Cache sync 82 at Sun May 10 03:47:48 UTC 2026
Cache sync 83 at Sun May 10 03:47:48 UTC 2026
Cache sync 84 at Sun May 10 03:47:48 UTC 2026
Cache sync 85 at Sun May 10 03:47:48 UTC 2026
Cache sync 1 at Sun May 10 13:39:47 UTC 2026
Cache sync 2 at Sun May 10 13:39:47 UTC 2026
Cache sync 3 at Sun May 10 13:39:47 UTC 2026
Cache sync 4 at Sun May 10 13:39:47 UTC 2026
Cache sync 5 at Sun May 10 13:39:47 UTC 2026
Cache sync 6 at Sun May 10 13:39:47 UTC 2026
Cache sync 7 at Sun May 10 13:39:47 UTC 2026
Cache sync 8 at Sun May 10 13:39:47 UTC 2026
Cache sync 9 at Sun May 10 13:39:47 UTC 2026
Cache sync 10 at Sun May 10 13:39:47 UTC 2026
Cache sync 11 at Sun May 10 13:39:47 UTC 2026
Cache sync 12 at Sun May 10 13:39:47 UTC 2026
Cache sync 13 at Sun May 10 13:39:47 UTC 2026
Cache sync 14 at Sun May 10 13:39:47 UTC 2026
Cache sync 15 at Sun May 10 13:39:47 UTC 2026
Cache sync 1 at Mon May 11 03:59:09 UTC 2026
Cache sync 2 at Mon May 11 03:59:09 UTC 2026
Cache sync 3 at Mon May 11 03:59:09 UTC 2026
Cache sync 4 at Mon May 11 03:59:09 UTC 2026
Cache sync 5 at Mon May 11 03:59:09 UTC 2026
Cache sync 6 at Mon May 11 03:59:09 UTC 2026
Cache sync 7 at Mon May 11 03:59:09 UTC 2026
Cache sync 8 at Mon May 11 03:59:09 UTC 2026
Cache sync 9 at Mon May 11 03:59:09 UTC 2026
Cache sync 10 at Mon May 11 03:59:09 UTC 2026
Cache sync 11 at Mon May 11 03:59:09 UTC 2026
Cache sync 12 at Mon May 11 03:59:09 UTC 2026
Cache sync 13 at Mon May 11 03:59:09 UTC 2026
Cache sync 14 at Mon May 11 03:59:09 UTC 2026
Cache sync 15 at Mon May 11 03:59:09 UTC 2026
Cache sync 16 at Mon May 11 03:59:09 UTC 2026
Cache sync 17 at Mon May 11 03:59:09 UTC 2026
Cache sync 18 at Mon May 11 03:59:09 UTC 2026
Cache sync 19 at Mon May 11 03:59:09 UTC 2026
Cache sync 20 at Mon May 11 03:59:09 UTC 2026
Cache sync 21 at Mon May 11 03:59:09 UTC 2026
Cache sync 22 at Mon May 11 03:59:09 UTC 2026
Cache sync 23 at Mon May 11 03:59:09 UTC 2026
Cache sync 24 at Mon May 11 03:59:09 UTC 2026
Cache sync 25 at Mon May 11 03:59:09 UTC 2026
Cache sync 26 at Mon May 11 03:59:09 UTC 2026
Cache sync 27 at Mon May 11 03:59:09 UTC 2026
Cache sync 28 at Mon May 11 03:59:09 UTC 2026
Cache sync 29 at Mon May 11 03:59:09 UTC 2026
Cache sync 30 at Mon May 11 03:59:09 UTC 2026
Cache sync 31 at Mon May 11 03:59:09 UTC 2026
Cache sync 32 at Mon May 11 03:59:09 UTC 2026
Cache sync 33 at Mon May 11 03:59:09 UTC 2026
Cache sync 34 at Mon May 11 03:59:09 UTC 2026
Cache sync 35 at Mon May 11 03:59:09 UTC 2026
Cache sync 36 at Mon May 11 03:59:09 UTC 2026
Cache sync 37 at Mon May 11 03:59:09 UTC 2026
Cache sync 1 at Mon May 11 15:22:41 UTC 2026
Cache sync 2 at Mon May 11 15:22:41 UTC 2026
Cache sync 3 at Mon May 11 15:22:41 UTC 2026
Cache sync 4 at Mon May 11 15:22:41 UTC 2026
Cache sync 5 at Mon May 11 15:22:41 UTC 2026
Cache sync 6 at Mon May 11 15:22:41 UTC 2026
Cache sync 7 at Mon May 11 15:22:41 UTC 2026
Cache sync 8 at Mon May 11 15:22:41 UTC 2026
Cache sync 9 at Mon May 11 15:22:41 UTC 2026
Cache sync 10 at Mon May 11 15:22:41 UTC 2026
Cache sync 11 at Mon May 11 15:22:41 UTC 2026
Cache sync 12 at Mon May 11 15:22:41 UTC 2026
Cache sync 13 at Mon May 11 15:22:41 UTC 2026
Cache sync 14 at Mon May 11 15:22:41 UTC 2026
Cache sync 15 at Mon May 11 15:22:41 UTC 2026
Cache sync 16 at Mon May 11 15:22:41 UTC 2026
Cache sync 17 at Mon May 11 15:22:41 UTC 2026
Cache sync 18 at Mon May 11 15:22:41 UTC 2026
Cache sync 19 at Mon May 11 15:22:41 UTC 2026
Cache sync 20 at Mon May 11 15:22:41 UTC 2026
Cache sync 21 at Mon May 11 15:22:41 UTC 2026
Cache sync 22 at Mon May 11 15:22:41 UTC 2026
Cache sync 23 at Mon May 11 15:22:41 UTC 2026
Cache sync 24 at Mon May 11 15:22:41 UTC 2026
Cache sync 25 at Mon May 11 15:22:41 UTC 2026
Cache sync 26 at Mon May 11 15:22:41 UTC 2026
Cache sync 27 at Mon May 11 15:22:41 UTC 2026
Cache sync 28 at Mon May 11 15:22:41 UTC 2026
Cache sync 29 at Mon May 11 15:22:41 UTC 2026
Cache sync 30 at Mon May 11 15:22:41 UTC 2026
Cache sync 31 at Mon May 11 15:22:41 UTC 2026
Cache sync 32 at Mon May 11 15:22:41 UTC 2026
Cache sync 33 at Mon May 11 15:22:41 UTC 2026
Cache sync 34 at Mon May 11 15:22:41 UTC 2026
Cache sync 35 at Mon May 11 15:22:41 UTC 2026
Cache sync 36 at Mon May 11 15:22:41 UTC 2026
Cache sync 37 at Mon May 11 15:22:41 UTC 2026
Cache sync 38 at Mon May 11 15:22:41 UTC 2026
Cache sync 39 at Mon May 11 15:22:41 UTC 2026
Cache sync 40 at Mon May 11 15:22:41 UTC 2026
Cache sync 41 at Mon May 11 15:22:41 UTC 2026
Cache sync 1 at Tue May 12 03:41:43 UTC 2026
Cache sync 2 at Tue May 12 03:41:43 UTC 2026
Cache sync 3 at Tue May 12 03:41:43 UTC 2026
Cache sync 4 at Tue May 12 03:41:43 UTC 2026
Cache sync 5 at Tue May 12 03:41:43 UTC 2026
Cache sync 6 at Tue May 12 03:41:43 UTC 2026
Cache sync 7 at Tue May 12 03:41:43 UTC 2026
Cache sync 8 at Tue May 12 03:41:43 UTC 2026
Cache sync 9 at Tue May 12 03:41:43 UTC 2026
Cache sync 10 at Tue May 12 03:41:43 UTC 2026
Cache sync 11 at Tue May 12 03:41:43 UTC 2026
Cache sync 12 at Tue May 12 03:41:43 UTC 2026
Cache sync 13 at Tue May 12 03:41:43 UTC 2026
Cache sync 14 at Tue May 12 03:41:43 UTC 2026
Cache sync 15 at Tue May 12 03:41:43 UTC 2026
Cache sync 16 at Tue May 12 03:41:43 UTC 2026
Cache sync 17 at Tue May 12 03:41:43 UTC 2026
Cache sync 18 at Tue May 12 03:41:43 UTC 2026
Cache sync 19 at Tue May 12 03:41:43 UTC 2026
Cache sync 1 at Tue May 12 14:35:35 UTC 2026
Cache sync 2 at Tue May 12 14:35:35 UTC 2026
Cache sync 3 at Tue May 12 14:35:35 UTC 2026
Cache sync 4 at Tue May 12 14:35:35 UTC 2026
Cache sync 5 at Tue May 12 14:35:35 UTC 2026
Cache sync 6 at Tue May 12 14:35:36 UTC 2026
Cache sync 7 at Tue May 12 14:35:36 UTC 2026
Cache sync 8 at Tue May 12 14:35:36 UTC 2026
Cache sync 9 at Tue May 12 14:35:36 UTC 2026
Cache sync 10 at Tue May 12 14:35:36 UTC 2026
Cache sync 11 at Tue May 12 14:35:36 UTC 2026
Cache sync 12 at Tue May 12 14:35:36 UTC 2026
Cache sync 13 at Tue May 12 14:35:36 UTC 2026
Cache sync 14 at Tue May 12 14:35:36 UTC 2026
Cache sync 15 at Tue May 12 14:35:36 UTC 2026
Cache sync 16 at Tue May 12 14:35:36 UTC 2026
Cache sync 17 at Tue May 12 14:35:36 UTC 2026
Cache sync 18 at Tue May 12 14:35:36 UTC 2026
Cache sync 19 at Tue May 12 14:35:36 UTC 2026
Cache sync 20 at Tue May 12 14:35:36 UTC 2026
Cache sync 21 at Tue May 12 14:35:36 UTC 2026
Cache sync 22 at Tue May 12 14:35:36 UTC 2026
Cache sync 23 at Tue May 12 14:35:36 UTC 2026
Cache sync 24 at Tue May 12 14:35:36 UTC 2026
Cache sync 25 at Tue May 12 14:35:36 UTC 2026
Cache sync 26 at Tue May 12 14:35:36 UTC 2026
Cache sync 27 at Tue May 12 14:35:36 UTC 2026
Cache sync 28 at Tue May 12 14:35:36 UTC 2026
Cache sync 29 at Tue May 12 14:35:36 UTC 2026
Cache sync 30 at Tue May 12 14:35:36 UTC 2026
Cache sync 31 at Tue May 12 14:35:36 UTC 2026
Cache sync 32 at Tue May 12 14:35:36 UTC 2026
Cache sync 33 at Tue May 12 14:35:36 UTC 2026
Cache sync 34 at Tue May 12 14:35:36 UTC 2026
Cache sync 35 at Tue May 12 14:35:36 UTC 2026
Cache sync 36 at Tue May 12 14:35:36 UTC 2026
Cache sync 37 at Tue May 12 14:35:36 UTC 2026
Cache sync 38 at Tue May 12 14:35:36 UTC 2026
Cache sync 39 at Tue May 12 14:35:36 UTC 2026
Cache sync 40 at Tue May 12 14:35:36 UTC 2026
Cache sync 41 at Tue May 12 14:35:36 UTC 2026
Cache sync 42 at Tue May 12 14:35:36 UTC 2026
Cache sync 43 at Tue May 12 14:35:36 UTC 2026
Cache sync 44 at Tue May 12 14:35:36 UTC 2026
Cache sync 45 at Tue May 12 14:35:36 UTC 2026
Cache sync 46 at Tue May 12 14:35:36 UTC 2026
Cache sync 47 at Tue May 12 14:35:36 UTC 2026
Cache sync 48 at Tue May 12 14:35:36 UTC 2026
Cache sync 49 at Tue May 12 14:35:36 UTC 2026
Cache sync 50 at Tue May 12 14:35:36 UTC 2026
Cache sync 51 at Tue May 12 14:35:36 UTC 2026
Cache sync 52 at Tue May 12 14:35:36 UTC 2026
Cache sync 53 at Tue May 12 14:35:36 UTC 2026
Cache sync 54 at Tue May 12 14:35:36 UTC 2026
Cache sync 55 at Tue May 12 14:35:36 UTC 2026
Cache sync 56 at Tue May 12 14:35:36 UTC 2026
Cache sync 57 at Tue May 12 14:35:36 UTC 2026
Cache sync 58 at Tue May 12 14:35:36 UTC 2026
Cache sync 59 at Tue May 12 14:35:36 UTC 2026
Cache sync 60 at Tue May 12 14:35:36 UTC 2026
Cache sync 61 at Tue May 12 14:35:36 UTC 2026
Cache sync 62 at Tue May 12 14:35:36 UTC 2026
Cache sync 63 at Tue May 12 14:35:36 UTC 2026
Cache sync 64 at Tue May 12 14:35:36 UTC 2026
Cache sync 65 at Tue May 12 14:35:36 UTC 2026
Cache sync 66 at Tue May 12 14:35:36 UTC 2026
Cache sync 67 at Tue May 12 14:35:36 UTC 2026
Cache sync 68 at Tue May 12 14:35:36 UTC 2026
Cache sync 69 at Tue May 12 14:35:36 UTC 2026
Cache sync 70 at Tue May 12 14:35:36 UTC 2026
Cache sync 71 at Tue May 12 14:35:36 UTC 2026
Cache sync 72 at Tue May 12 14:35:36 UTC 2026
Cache sync 73 at Tue May 12 14:35:36 UTC 2026
Cache sync 74 at Tue May 12 14:35:36 UTC 2026
Cache sync 75 at Tue May 12 14:35:36 UTC 2026
Cache sync 1 at Wed May 13 03:51:49 UTC 2026
Cache sync 2 at Wed May 13 03:51:49 UTC 2026
Cache sync 3 at Wed May 13 03:51:49 UTC 2026
Cache sync 4 at Wed May 13 03:51:49 UTC 2026
Cache sync 5 at Wed May 13 03:51:49 UTC 2026
Cache sync 6 at Wed May 13 03:51:49 UTC 2026
Cache sync 7 at Wed May 13 03:51:49 UTC 2026
Cache sync 8 at Wed May 13 03:51:49 UTC 2026
Cache sync 9 at Wed May 13 03:51:49 UTC 2026
Cache sync 10 at Wed May 13 03:51:49 UTC 2026
Cache sync 1 at Wed May 13 14:46:12 UTC 2026
Cache sync 2 at Wed May 13 14:46:12 UTC 2026
Cache sync 3 at Wed May 13 14:46:12 UTC 2026
Cache sync 4 at Wed May 13 14:46:12 UTC 2026
Cache sync 5 at Wed May 13 14:46:12 UTC 2026
Cache sync 6 at Wed May 13 14:46:12 UTC 2026
Cache sync 7 at Wed May 13 14:46:12 UTC 2026
Cache sync 8 at Wed May 13 14:46:12 UTC 2026
Cache sync 9 at Wed May 13 14:46:12 UTC 2026
Cache sync 10 at Wed May 13 14:46:12 UTC 2026
Cache sync 11 at Wed May 13 14:46:12 UTC 2026
Cache sync 12 at Wed May 13 14:46:12 UTC 2026
Cache sync 13 at Wed May 13 14:46:12 UTC 2026
Cache sync 14 at Wed May 13 14:46:12 UTC 2026
Cache sync 15 at Wed May 13 14:46:12 UTC 2026
Cache sync 16 at Wed May 13 14:46:12 UTC 2026
Cache sync 17 at Wed May 13 14:46:12 UTC 2026
Cache sync 18 at Wed May 13 14:46:12 UTC 2026
Cache sync 19 at Wed May 13 14:46:12 UTC 2026
Cache sync 20 at Wed May 13 14:46:12 UTC 2026
Cache sync 21 at Wed May 13 14:46:12 UTC 2026
Cache sync 22 at Wed May 13 14:46:12 UTC 2026
Cache sync 23 at Wed May 13 14:46:12 UTC 2026
Cache sync 1 at Thu May 14 03:51:35 UTC 2026
Cache sync 2 at Thu May 14 03:51:35 UTC 2026
Cache sync 3 at Thu May 14 03:51:35 UTC 2026
Cache sync 4 at Thu May 14 03:51:35 UTC 2026
Cache sync 5 at Thu May 14 03:51:35 UTC 2026
Cache sync 6 at Thu May 14 03:51:35 UTC 2026
Cache sync 7 at Thu May 14 03:51:35 UTC 2026
Cache sync 8 at Thu May 14 03:51:35 UTC 2026
Cache sync 9 at Thu May 14 03:51:35 UTC 2026
Cache sync 10 at Thu May 14 03:51:35 UTC 2026
Cache sync 11 at Thu May 14 03:51:35 UTC 2026
Cache sync 12 at Thu May 14 03:51:35 UTC 2026
Cache sync 13 at Thu May 14 03:51:35 UTC 2026
Cache sync 14 at Thu May 14 03:51:35 UTC 2026
Cache sync 15 at Thu May 14 03:51:35 UTC 2026
Cache sync 16 at Thu May 14 03:51:35 UTC 2026
Cache sync 17 at Thu May 14 03:51:35 UTC 2026
Cache sync 18 at Thu May 14 03:51:35 UTC 2026
Cache sync 19 at Thu May 14 03:51:35 UTC 2026
Cache sync 20 at Thu May 14 03:51:35 UTC 2026
Cache sync 21 at Thu May 14 03:51:35 UTC 2026
Cache sync 22 at Thu May 14 03:51:35 UTC 2026
Cache sync 23 at Thu May 14 03:51:35 UTC 2026
Cache sync 24 at Thu May 14 03:51:35 UTC 2026
Cache sync 25 at Thu May 14 03:51:35 UTC 2026
Cache sync 26 at Thu May 14 03:51:35 UTC 2026
Cache sync 27 at Thu May 14 03:51:35 UTC 2026
Cache sync 28 at Thu May 14 03:51:35 UTC 2026
Cache sync 29 at Thu May 14 03:51:35 UTC 2026
Cache sync 30 at Thu May 14 03:51:35 UTC 2026
Cache sync 31 at Thu May 14 03:51:35 UTC 2026
Cache sync 32 at Thu May 14 03:51:35 UTC 2026
Cache sync 33 at Thu May 14 03:51:35 UTC 2026
Cache sync 34 at Thu May 14 03:51:35 UTC 2026
Cache sync 35 at Thu May 14 03:51:35 UTC 2026
Cache sync 36 at Thu May 14 03:51:35 UTC 2026
Cache sync 37 at Thu May 14 03:51:35 UTC 2026
Cache sync 38 at Thu May 14 03:51:35 UTC 2026
Cache sync 39 at Thu May 14 03:51:35 UTC 2026
Cache sync 40 at Thu May 14 03:51:35 UTC 2026
Cache sync 41 at Thu May 14 03:51:35 UTC 2026
Cache sync 42 at Thu May 14 03:51:35 UTC 2026
Cache sync 43 at Thu May 14 03:51:35 UTC 2026
Cache sync 44 at Thu May 14 03:51:35 UTC 2026
Cache sync 45 at Thu May 14 03:51:35 UTC 2026
Cache sync 46 at Thu May 14 03:51:35 UTC 2026
Cache sync 47 at Thu May 14 03:51:35 UTC 2026
Cache sync 48 at Thu May 14 03:51:35 UTC 2026
Cache sync 49 at Thu May 14 03:51:35 UTC 2026
Cache sync 50 at Thu May 14 03:51:35 UTC 2026
Cache sync 51 at Thu May 14 03:51:35 UTC 2026
Cache sync 52 at Thu May 14 03:51:35 UTC 2026
Cache sync 53 at Thu May 14 03:51:35 UTC 2026
Cache sync 54 at Thu May 14 03:51:35 UTC 2026
Cache sync 55 at Thu May 14 03:51:35 UTC 2026
Cache sync 1 at Fri May 15 03:55:01 UTC 2026
Cache sync 2 at Fri May 15 03:55:01 UTC 2026
Cache sync 3 at Fri May 15 03:55:01 UTC 2026
Cache sync 4 at Fri May 15 03:55:01 UTC 2026
Cache sync 5 at Fri May 15 03:55:01 UTC 2026
Cache sync 6 at Fri May 15 03:55:01 UTC 2026
Cache sync 7 at Fri May 15 03:55:01 UTC 2026
Cache sync 8 at Fri May 15 03:55:01 UTC 2026
Cache sync 9 at Fri May 15 03:55:01 UTC 2026
Cache sync 10 at Fri May 15 03:55:01 UTC 2026
Cache sync 11 at Fri May 15 03:55:01 UTC 2026
Cache sync 12 at Fri May 15 03:55:01 UTC 2026
Cache sync 13 at Fri May 15 03:55:01 UTC 2026
Cache sync 14 at Fri May 15 03:55:01 UTC 2026
Cache sync 15 at Fri May 15 03:55:01 UTC 2026
Cache sync 16 at Fri May 15 03:55:01 UTC 2026
Cache sync 17 at Fri May 15 03:55:01 UTC 2026
Cache sync 18 at Fri May 15 03:55:01 UTC 2026
Cache sync 19 at Fri May 15 03:55:01 UTC 2026
Cache sync 20 at Fri May 15 03:55:01 UTC 2026
Cache sync 21 at Fri May 15 03:55:01 UTC 2026
Cache sync 22 at Fri May 15 03:55:01 UTC 2026
Cache sync 23 at Fri May 15 03:55:01 UTC 2026
Cache sync 24 at Fri May 15 03:55:01 UTC 2026
Cache sync 25 at Fri May 15 03:55:01 UTC 2026
Cache sync 26 at Fri May 15 03:55:01 UTC 2026
Cache sync 27 at Fri May 15 03:55:01 UTC 2026
Cache sync 28 at Fri May 15 03:55:01 UTC 2026
Cache sync 29 at Fri May 15 03:55:01 UTC 2026
Cache sync 30 at Fri May 15 03:55:01 UTC 2026
Cache sync 31 at Fri May 15 03:55:01 UTC 2026
Cache sync 32 at Fri May 15 03:55:01 UTC 2026
Cache sync 33 at Fri May 15 03:55:01 UTC 2026
Cache sync 34 at Fri May 15 03:55:01 UTC 2026
Cache sync 35 at Fri May 15 03:55:01 UTC 2026
Cache sync 36 at Fri May 15 03:55:01 UTC 2026
Cache sync 37 at Fri May 15 03:55:01 UTC 2026
Cache sync 38 at Fri May 15 03:55:01 UTC 2026
Cache sync 39 at Fri May 15 03:55:01 UTC 2026
Cache sync 40 at Fri May 15 03:55:01 UTC 2026
Cache sync 41 at Fri May 15 03:55:01 UTC 2026
Cache sync 42 at Fri May 15 03:55:01 UTC 2026
Cache sync 43 at Fri May 15 03:55:01 UTC 2026
Cache sync 44 at Fri May 15 03:55:01 UTC 2026
Cache sync 45 at Fri May 15 03:55:01 UTC 2026
Cache sync 46 at Fri May 15 03:55:01 UTC 2026
Cache sync 47 at Fri May 15 03:55:01 UTC 2026
Cache sync 48 at Fri May 15 03:55:01 UTC 2026
Cache sync 49 at Fri May 15 03:55:01 UTC 2026
Cache sync 50 at Fri May 15 03:55:01 UTC 2026
Cache sync 51 at Fri May 15 03:55:01 UTC 2026
Cache sync 52 at Fri May 15 03:55:01 UTC 2026
Cache sync 53 at Fri May 15 03:55:01 UTC 2026
Cache sync 54 at Fri May 15 03:55:01 UTC 2026
Cache sync 55 at Fri May 15 03:55:01 UTC 2026
Cache sync 56 at Fri May 15 03:55:01 UTC 2026
Cache sync 57 at Fri May 15 03:55:01 UTC 2026
Cache sync 58 at Fri May 15 03:55:01 UTC 2026
Cache sync 59 at Fri May 15 03:55:01 UTC 2026
Cache sync 60 at Fri May 15 03:55:01 UTC 2026
Cache sync 61 at Fri May 15 03:55:01 UTC 2026
Cache sync 62 at Fri May 15 03:55:01 UTC 2026
Cache sync 63 at Fri May 15 03:55:01 UTC 2026
Cache sync 64 at Fri May 15 03:55:01 UTC 2026
Cache sync 65 at Fri May 15 03:55:01 UTC 2026
Cache sync 66 at Fri May 15 03:55:01 UTC 2026
Cache sync 67 at Fri May 15 03:55:01 UTC 2026
Cache sync 68 at Fri May 15 03:55:01 UTC 2026
Cache sync 69 at Fri May 15 03:55:01 UTC 2026
Cache sync 70 at Fri May 15 03:55:01 UTC 2026
Cache sync 71 at Fri May 15 03:55:01 UTC 2026
Cache sync 72 at Fri May 15 03:55:01 UTC 2026
Cache sync 73 at Fri May 15 03:55:01 UTC 2026
Cache sync 74 at Fri May 15 03:55:01 UTC 2026
Cache sync 75 at Fri May 15 03:55:01 UTC 2026
Cache sync 76 at Fri May 15 03:55:01 UTC 2026
Cache sync 77 at Fri May 15 03:55:01 UTC 2026
Cache sync 78 at Fri May 15 03:55:01 UTC 2026
Cache sync 79 at Fri May 15 03:55:02 UTC 2026
Cache sync 80 at Fri May 15 03:55:02 UTC 2026
Cache sync 81 at Fri May 15 03:55:02 UTC 2026
Cache sync 82 at Fri May 15 03:55:02 UTC 2026
Cache sync 83 at Fri May 15 03:55:02 UTC 2026
Cache sync 84 at Fri May 15 03:55:02 UTC 2026
Cache sync 85 at Fri May 15 03:55:02 UTC 2026
Cache sync 1 at Fri May 15 14:19:37 UTC 2026
Cache sync 2 at Fri May 15 14:19:37 UTC 2026
Cache sync 3 at Fri May 15 14:19:37 UTC 2026
Cache sync 4 at Fri May 15 14:19:37 UTC 2026
Cache sync 5 at Fri May 15 14:19:37 UTC 2026
Cache sync 6 at Fri May 15 14:19:37 UTC 2026
Cache sync 7 at Fri May 15 14:19:37 UTC 2026
Cache sync 8 at Fri May 15 14:19:37 UTC 2026
Cache sync 9 at Fri May 15 14:19:37 UTC 2026
Cache sync 10 at Fri May 15 14:19:37 UTC 2026
Cache sync 11 at Fri May 15 14:19:37 UTC 2026
Cache sync 12 at Fri May 15 14:19:37 UTC 2026
Cache sync 13 at Fri May 15 14:19:37 UTC 2026
Cache sync 14 at Fri May 15 14:19:37 UTC 2026
Cache sync 15 at Fri May 15 14:19:37 UTC 2026
Cache sync 16 at Fri May 15 14:19:37 UTC 2026
Cache sync 17 at Fri May 15 14:19:37 UTC 2026
Cache sync 18 at Fri May 15 14:19:37 UTC 2026
Cache sync 19 at Fri May 15 14:19:37 UTC 2026
Cache sync 20 at Fri May 15 14:19:37 UTC 2026
Cache sync 21 at Fri May 15 14:19:37 UTC 2026
Cache sync 22 at Fri May 15 14:19:37 UTC 2026
Cache sync 23 at Fri May 15 14:19:37 UTC 2026
Cache sync 24 at Fri May 15 14:19:37 UTC 2026
Cache sync 25 at Fri May 15 14:19:37 UTC 2026
Cache sync 26 at Fri May 15 14:19:37 UTC 2026
Cache sync 27 at Fri May 15 14:19:37 UTC 2026
Cache sync 28 at Fri May 15 14:19:37 UTC 2026
Cache sync 29 at Fri May 15 14:19:37 UTC 2026
Cache sync 30 at Fri May 15 14:19:37 UTC 2026
Cache sync 31 at Fri May 15 14:19:37 UTC 2026
Cache sync 32 at Fri May 15 14:19:37 UTC 2026
Cache sync 33 at Fri May 15 14:19:37 UTC 2026
Cache sync 34 at Fri May 15 14:19:37 UTC 2026
Cache sync 35 at Fri May 15 14:19:37 UTC 2026
Cache sync 36 at Fri May 15 14:19:37 UTC 2026
Cache sync 37 at Fri May 15 14:19:37 UTC 2026
Cache sync 38 at Fri May 15 14:19:37 UTC 2026
Cache sync 39 at Fri May 15 14:19:37 UTC 2026
Cache sync 40 at Fri May 15 14:19:37 UTC 2026
Cache sync 41 at Fri May 15 14:19:37 UTC 2026
Cache sync 42 at Fri May 15 14:19:37 UTC 2026
Cache sync 43 at Fri May 15 14:19:37 UTC 2026
Cache sync 44 at Fri May 15 14:19:37 UTC 2026
Cache sync 45 at Fri May 15 14:19:37 UTC 2026
Cache sync 46 at Fri May 15 14:19:37 UTC 2026
Cache sync 47 at Fri May 15 14:19:37 UTC 2026
Cache sync 48 at Fri May 15 14:19:37 UTC 2026
Cache sync 49 at Fri May 15 14:19:37 UTC 2026
Cache sync 50 at Fri May 15 14:19:37 UTC 2026
Cache sync 51 at Fri May 15 14:19:37 UTC 2026
Cache sync 52 at Fri May 15 14:19:37 UTC 2026
Cache sync 53 at Fri May 15 14:19:37 UTC 2026
Cache sync 54 at Fri May 15 14:19:37 UTC 2026
Cache sync 55 at Fri May 15 14:19:37 UTC 2026
Cache sync 56 at Fri May 15 14:19:37 UTC 2026
Cache sync 57 at Fri May 15 14:19:37 UTC 2026
Cache sync 58 at Fri May 15 14:19:37 UTC 2026
Cache sync 59 at Fri May 15 14:19:37 UTC 2026
Cache sync 60 at Fri May 15 14:19:37 UTC 2026
Cache sync 61 at Fri May 15 14:19:37 UTC 2026
Cache sync 62 at Fri May 15 14:19:37 UTC 2026
Cache sync 63 at Fri May 15 14:19:37 UTC 2026
Cache sync 64 at Fri May 15 14:19:37 UTC 2026
Cache sync 65 at Fri May 15 14:19:37 UTC 2026
Cache sync 66 at Fri May 15 14:19:37 UTC 2026
Cache sync 67 at Fri May 15 14:19:37 UTC 2026
Cache sync 68 at Fri May 15 14:19:37 UTC 2026
Cache sync 69 at Fri May 15 14:19:37 UTC 2026
Cache sync 70 at Fri May 15 14:19:38 UTC 2026
Cache sync 71 at Fri May 15 14:19:38 UTC 2026
Cache sync 72 at Fri May 15 14:19:38 UTC 2026
Cache sync 73 at Fri May 15 14:19:38 UTC 2026
Cache sync 74 at Fri May 15 14:19:38 UTC 2026
Cache sync 75 at Fri May 15 14:19:38 UTC 2026
Cache sync 76 at Fri May 15 14:19:38 UTC 2026
Cache sync 77 at Fri May 15 14:19:38 UTC 2026
Cache sync 1 at Sat May 16 03:36:44 UTC 2026
Cache sync 2 at Sat May 16 03:36:44 UTC 2026
Cache sync 3 at Sat May 16 03:36:44 UTC 2026
Cache sync 4 at Sat May 16 03:36:44 UTC 2026
Cache sync 5 at Sat May 16 03:36:44 UTC 2026
Cache sync 6 at Sat May 16 03:36:44 UTC 2026
Cache sync 7 at Sat May 16 03:36:44 UTC 2026
Cache sync 8 at Sat May 16 03:36:44 UTC 2026
Cache sync 9 at Sat May 16 03:36:44 UTC 2026
Cache sync 10 at Sat May 16 03:36:44 UTC 2026
Cache sync 11 at Sat May 16 03:36:44 UTC 2026
Cache sync 12 at Sat May 16 03:36:44 UTC 2026
Cache sync 13 at Sat May 16 03:36:44 UTC 2026
Cache sync 14 at Sat May 16 03:36:44 UTC 2026
Cache sync 15 at Sat May 16 03:36:44 UTC 2026
Cache sync 16 at Sat May 16 03:36:44 UTC 2026
Cache sync 17 at Sat May 16 03:36:44 UTC 2026
Cache sync 18 at Sat May 16 03:36:44 UTC 2026
Cache sync 19 at Sat May 16 03:36:44 UTC 2026
Cache sync 20 at Sat May 16 03:36:44 UTC 2026
Cache sync 21 at Sat May 16 03:36:44 UTC 2026
Cache sync 22 at Sat May 16 03:36:44 UTC 2026
Cache sync 23 at Sat May 16 03:36:44 UTC 2026
Cache sync 24 at Sat May 16 03:36:44 UTC 2026
Cache sync 25 at Sat May 16 03:36:44 UTC 2026
Cache sync 26 at Sat May 16 03:36:44 UTC 2026
Cache sync 27 at Sat May 16 03:36:44 UTC 2026
Cache sync 28 at Sat May 16 03:36:44 UTC 2026
Cache sync 29 at Sat May 16 03:36:44 UTC 2026
Cache sync 30 at Sat May 16 03:36:44 UTC 2026
Cache sync 31 at Sat May 16 03:36:44 UTC 2026
Cache sync 32 at Sat May 16 03:36:44 UTC 2026
Cache sync 33 at Sat May 16 03:36:44 UTC 2026
Cache sync 34 at Sat May 16 03:36:44 UTC 2026
Cache sync 35 at Sat May 16 03:36:44 UTC 2026
Cache sync 36 at Sat May 16 03:36:44 UTC 2026
Cache sync 37 at Sat May 16 03:36:44 UTC 2026
Cache sync 38 at Sat May 16 03:36:44 UTC 2026
Cache sync 39 at Sat May 16 03:36:44 UTC 2026
Cache sync 40 at Sat May 16 03:36:44 UTC 2026
Cache sync 41 at Sat May 16 03:36:44 UTC 2026
Cache sync 42 at Sat May 16 03:36:44 UTC 2026
Cache sync 43 at Sat May 16 03:36:44 UTC 2026
Cache sync 44 at Sat May 16 03:36:44 UTC 2026
Cache sync 45 at Sat May 16 03:36:44 UTC 2026
Cache sync 46 at Sat May 16 03:36:44 UTC 2026
Cache sync 47 at Sat May 16 03:36:44 UTC 2026
Cache sync 48 at Sat May 16 03:36:44 UTC 2026
Cache sync 49 at Sat May 16 03:36:44 UTC 2026
Cache sync 50 at Sat May 16 03:36:44 UTC 2026
Cache sync 51 at Sat May 16 03:36:44 UTC 2026
Cache sync 52 at Sat May 16 03:36:44 UTC 2026
Cache sync 53 at Sat May 16 03:36:44 UTC 2026
Cache sync 54 at Sat May 16 03:36:44 UTC 2026
Cache sync 55 at Sat May 16 03:36:44 UTC 2026
Cache sync 56 at Sat May 16 03:36:45 UTC 2026
Cache sync 57 at Sat May 16 03:36:45 UTC 2026
Cache sync 58 at Sat May 16 03:36:45 UTC 2026
Cache sync 59 at Sat May 16 03:36:45 UTC 2026
Cache sync 60 at Sat May 16 03:36:45 UTC 2026
Cache sync 61 at Sat May 16 03:36:45 UTC 2026
Cache sync 62 at Sat May 16 03:36:45 UTC 2026
Cache sync 63 at Sat May 16 03:36:45 UTC 2026
Cache sync 64 at Sat May 16 03:36:45 UTC 2026
Cache sync 65 at Sat May 16 03:36:45 UTC 2026
Cache sync 66 at Sat May 16 03:36:45 UTC 2026
Cache sync 67 at Sat May 16 03:36:45 UTC 2026
Cache sync 68 at Sat May 16 03:36:45 UTC 2026
Cache sync 69 at Sat May 16 03:36:45 UTC 2026
Cache sync 70 at Sat May 16 03:36:45 UTC 2026
Cache sync 71 at Sat May 16 03:36:45 UTC 2026
Cache sync 72 at Sat May 16 03:36:45 UTC 2026
Cache sync 73 at Sat May 16 03:36:45 UTC 2026
Cache sync 74 at Sat May 16 03:36:45 UTC 2026
Cache sync 75 at Sat May 16 03:36:45 UTC 2026
Cache sync 76 at Sat May 16 03:36:45 UTC 2026
Cache sync 77 at Sat May 16 03:36:45 UTC 2026
Cache sync 78 at Sat May 16 03:36:45 UTC 2026
Cache sync 79 at Sat May 16 03:36:45 UTC 2026
Cache sync 1 at Sat May 16 13:42:39 UTC 2026
Cache sync 2 at Sat May 16 13:42:39 UTC 2026
Cache sync 3 at Sat May 16 13:42:39 UTC 2026
Cache sync 4 at Sat May 16 13:42:39 UTC 2026
Cache sync 5 at Sat May 16 13:42:39 UTC 2026
Cache sync 6 at Sat May 16 13:42:39 UTC 2026
Cache sync 7 at Sat May 16 13:42:39 UTC 2026
Cache sync 8 at Sat May 16 13:42:39 UTC 2026
Cache sync 9 at Sat May 16 13:42:39 UTC 2026
Cache sync 10 at Sat May 16 13:42:39 UTC 2026
Cache sync 11 at Sat May 16 13:42:40 UTC 2026
Cache sync 12 at Sat May 16 13:42:40 UTC 2026
Cache sync 13 at Sat May 16 13:42:40 UTC 2026
Cache sync 14 at Sat May 16 13:42:40 UTC 2026
Cache sync 15 at Sat May 16 13:42:40 UTC 2026
Cache sync 16 at Sat May 16 13:42:40 UTC 2026
Cache sync 17 at Sat May 16 13:42:40 UTC 2026
Cache sync 18 at Sat May 16 13:42:40 UTC 2026
Cache sync 19 at Sat May 16 13:42:40 UTC 2026
Cache sync 20 at Sat May 16 13:42:40 UTC 2026
Cache sync 21 at Sat May 16 13:42:40 UTC 2026
Cache sync 22 at Sat May 16 13:42:40 UTC 2026
Cache sync 23 at Sat May 16 13:42:40 UTC 2026
Cache sync 24 at Sat May 16 13:42:40 UTC 2026
Cache sync 25 at Sat May 16 13:42:40 UTC 2026
Cache sync 26 at Sat May 16 13:42:40 UTC 2026
Cache sync 27 at Sat May 16 13:42:40 UTC 2026
Cache sync 28 at Sat May 16 13:42:40 UTC 2026
Cache sync 29 at Sat May 16 13:42:40 UTC 2026
Cache sync 30 at Sat May 16 13:42:40 UTC 2026
Cache sync 31 at Sat May 16 13:42:40 UTC 2026
Cache sync 32 at Sat May 16 13:42:40 UTC 2026
Cache sync 33 at Sat May 16 13:42:40 UTC 2026
Cache sync 34 at Sat May 16 13:42:40 UTC 2026
Cache sync 35 at Sat May 16 13:42:40 UTC 2026
Cache sync 36 at Sat May 16 13:42:40 UTC 2026
Cache sync 37 at Sat May 16 13:42:40 UTC 2026
Cache sync 38 at Sat May 16 13:42:40 UTC 2026
Cache sync 39 at Sat May 16 13:42:40 UTC 2026
Cache sync 40 at Sat May 16 13:42:40 UTC 2026
Cache sync 41 at Sat May 16 13:42:40 UTC 2026
Cache sync 42 at Sat May 16 13:42:40 UTC 2026
Cache sync 43 at Sat May 16 13:42:40 UTC 2026
Cache sync 44 at Sat May 16 13:42:40 UTC 2026
Cache sync 45 at Sat May 16 13:42:40 UTC 2026
Cache sync 46 at Sat May 16 13:42:40 UTC 2026
Cache sync 47 at Sat May 16 13:42:40 UTC 2026
Cache sync 48 at Sat May 16 13:42:40 UTC 2026
Cache sync 49 at Sat May 16 13:42:40 UTC 2026
Cache sync 50 at Sat May 16 13:42:40 UTC 2026
Cache sync 51 at Sat May 16 13:42:40 UTC 2026
Cache sync 52 at Sat May 16 13:42:40 UTC 2026
Cache sync 53 at Sat May 16 13:42:40 UTC 2026
Cache sync 54 at Sat May 16 13:42:40 UTC 2026
Cache sync 55 at Sat May 16 13:42:40 UTC 2026
Cache sync 56 at Sat May 16 13:42:40 UTC 2026
Cache sync 57 at Sat May 16 13:42:40 UTC 2026
Cache sync 58 at Sat May 16 13:42:40 UTC 2026
Cache sync 59 at Sat May 16 13:42:40 UTC 2026
Cache sync 60 at Sat May 16 13:42:40 UTC 2026
Cache sync 61 at Sat May 16 13:42:40 UTC 2026
Cache sync 62 at Sat May 16 13:42:40 UTC 2026
Cache sync 63 at Sat May 16 13:42:40 UTC 2026
Cache sync 64 at Sat May 16 13:42:40 UTC 2026
Cache sync 65 at Sat May 16 13:42:40 UTC 2026
Cache sync 66 at Sat May 16 13:42:40 UTC 2026
Cache sync 67 at Sat May 16 13:42:40 UTC 2026
Cache sync 68 at Sat May 16 13:42:40 UTC 2026
Cache sync 69 at Sat May 16 13:42:40 UTC 2026
Cache sync 70 at Sat May 16 13:42:40 UTC 2026
Cache sync 71 at Sat May 16 13:42:40 UTC 2026
Cache sync 72 at Sat May 16 13:42:40 UTC 2026
Cache sync 73 at Sat May 16 13:42:40 UTC 2026
Cache sync 74 at Sat May 16 13:42:40 UTC 2026
Cache sync 75 at Sat May 16 13:42:40 UTC 2026
Cache sync 76 at Sat May 16 13:42:40 UTC 2026
Cache sync 77 at Sat May 16 13:42:40 UTC 2026
Cache sync 78 at Sat May 16 13:42:40 UTC 2026
Cache sync 79 at Sat May 16 13:42:40 UTC 2026
Cache sync 1 at Sun May 17 03:55:36 UTC 2026
Cache sync 2 at Sun May 17 03:55:36 UTC 2026
Cache sync 3 at Sun May 17 03:55:36 UTC 2026
Cache sync 4 at Sun May 17 03:55:36 UTC 2026
Cache sync 5 at Sun May 17 03:55:36 UTC 2026
Cache sync 6 at Sun May 17 03:55:36 UTC 2026
Cache sync 7 at Sun May 17 03:55:36 UTC 2026
Cache sync 8 at Sun May 17 03:55:36 UTC 2026
Cache sync 9 at Sun May 17 03:55:36 UTC 2026
Cache sync 10 at Sun May 17 03:55:36 UTC 2026
Cache sync 11 at Sun May 17 03:55:36 UTC 2026
Cache sync 12 at Sun May 17 03:55:36 UTC 2026
Cache sync 13 at Sun May 17 03:55:36 UTC 2026
Cache sync 14 at Sun May 17 03:55:36 UTC 2026
Cache sync 15 at Sun May 17 03:55:36 UTC 2026
Cache sync 16 at Sun May 17 03:55:36 UTC 2026
Cache sync 17 at Sun May 17 03:55:36 UTC 2026
Cache sync 18 at Sun May 17 03:55:36 UTC 2026
Cache sync 19 at Sun May 17 03:55:36 UTC 2026
Cache sync 20 at Sun May 17 03:55:36 UTC 2026
Cache sync 21 at Sun May 17 03:55:36 UTC 2026
Cache sync 22 at Sun May 17 03:55:36 UTC 2026
Cache sync 23 at Sun May 17 03:55:37 UTC 2026
Cache sync 24 at Sun May 17 03:55:37 UTC 2026
Cache sync 25 at Sun May 17 03:55:37 UTC 2026
Cache sync 26 at Sun May 17 03:55:37 UTC 2026
Cache sync 27 at Sun May 17 03:55:37 UTC 2026
Cache sync 28 at Sun May 17 03:55:37 UTC 2026
Cache sync 29 at Sun May 17 03:55:37 UTC 2026
Cache sync 30 at Sun May 17 03:55:37 UTC 2026
Cache sync 31 at Sun May 17 03:55:37 UTC 2026
Cache sync 32 at Sun May 17 03:55:37 UTC 2026
Cache sync 33 at Sun May 17 03:55:37 UTC 2026
Cache sync 34 at Sun May 17 03:55:37 UTC 2026
Cache sync 35 at Sun May 17 03:55:37 UTC 2026
Cache sync 36 at Sun May 17 03:55:37 UTC 2026
Cache sync 37 at Sun May 17 03:55:37 UTC 2026
Cache sync 38 at Sun May 17 03:55:37 UTC 2026
Cache sync 39 at Sun May 17 03:55:37 UTC 2026
Cache sync 40 at Sun May 17 03:55:37 UTC 2026
Cache sync 41 at Sun May 17 03:55:37 UTC 2026
Cache sync 42 at Sun May 17 03:55:37 UTC 2026
Cache sync 43 at Sun May 17 03:55:37 UTC 2026
Cache sync 44 at Sun May 17 03:55:37 UTC 2026
Cache sync 45 at Sun May 17 03:55:37 UTC 2026
Cache sync 46 at Sun May 17 03:55:37 UTC 2026
Cache sync 47 at Sun May 17 03:55:37 UTC 2026
Cache sync 48 at Sun May 17 03:55:37 UTC 2026
Cache sync 49 at Sun May 17 03:55:37 UTC 2026
Cache sync 50 at Sun May 17 03:55:37 UTC 2026
Cache sync 51 at Sun May 17 03:55:37 UTC 2026
Cache sync 52 at Sun May 17 03:55:37 UTC 2026
Cache sync 53 at Sun May 17 03:55:37 UTC 2026
Cache sync 54 at Sun May 17 03:55:37 UTC 2026
Cache sync 55 at Sun May 17 03:55:37 UTC 2026
Cache sync 56 at Sun May 17 03:55:37 UTC 2026
Cache sync 57 at Sun May 17 03:55:37 UTC 2026
Cache sync 58 at Sun May 17 03:55:37 UTC 2026
Cache sync 59 at Sun May 17 03:55:37 UTC 2026
Cache sync 60 at Sun May 17 03:55:37 UTC 2026
Cache sync 61 at Sun May 17 03:55:37 UTC 2026
Cache sync 62 at Sun May 17 03:55:37 UTC 2026
Cache sync 63 at Sun May 17 03:55:37 UTC 2026
Cache sync 64 at Sun May 17 03:55:37 UTC 2026
Cache sync 65 at Sun May 17 03:55:37 UTC 2026
Cache sync 66 at Sun May 17 03:55:37 UTC 2026
Cache sync 67 at Sun May 17 03:55:37 UTC 2026
Cache sync 1 at Sun May 17 13:42:01 UTC 2026
Cache sync 2 at Sun May 17 13:42:01 UTC 2026
Cache sync 3 at Sun May 17 13:42:01 UTC 2026
Cache sync 4 at Sun May 17 13:42:01 UTC 2026
Cache sync 5 at Sun May 17 13:42:01 UTC 2026
Cache sync 6 at Sun May 17 13:42:01 UTC 2026
Cache sync 7 at Sun May 17 13:42:01 UTC 2026
Cache sync 8 at Sun May 17 13:42:01 UTC 2026
Cache sync 9 at Sun May 17 13:42:01 UTC 2026
Cache sync 10 at Sun May 17 13:42:01 UTC 2026
Cache sync 11 at Sun May 17 13:42:01 UTC 2026
Cache sync 12 at Sun May 17 13:42:01 UTC 2026
Cache sync 13 at Sun May 17 13:42:01 UTC 2026
Cache sync 14 at Sun May 17 13:42:01 UTC 2026
Cache sync 15 at Sun May 17 13:42:01 UTC 2026
Cache sync 16 at Sun May 17 13:42:01 UTC 2026
Cache sync 17 at Sun May 17 13:42:01 UTC 2026
Cache sync 18 at Sun May 17 13:42:01 UTC 2026
Cache sync 19 at Sun May 17 13:42:01 UTC 2026
Cache sync 20 at Sun May 17 13:42:01 UTC 2026
Cache sync 21 at Sun May 17 13:42:01 UTC 2026
Cache sync 22 at Sun May 17 13:42:01 UTC 2026
Cache sync 23 at Sun May 17 13:42:01 UTC 2026
Cache sync 24 at Sun May 17 13:42:01 UTC 2026
Cache sync 25 at Sun May 17 13:42:01 UTC 2026
Cache sync 26 at Sun May 17 13:42:01 UTC 2026
Cache sync 27 at Sun May 17 13:42:01 UTC 2026
Cache sync 28 at Sun May 17 13:42:01 UTC 2026
Cache sync 29 at Sun May 17 13:42:01 UTC 2026
Cache sync 30 at Sun May 17 13:42:01 UTC 2026
Cache sync 31 at Sun May 17 13:42:01 UTC 2026
Cache sync 32 at Sun May 17 13:42:01 UTC 2026
Cache sync 33 at Sun May 17 13:42:01 UTC 2026
Cache sync 34 at Sun May 17 13:42:01 UTC 2026
Cache sync 35 at Sun May 17 13:42:01 UTC 2026
Cache sync 36 at Sun May 17 13:42:01 UTC 2026
Cache sync 37 at Sun May 17 13:42:01 UTC 2026
Cache sync 38 at Sun May 17 13:42:01 UTC 2026
Cache sync 39 at Sun May 17 13:42:01 UTC 2026
Cache sync 40 at Sun May 17 13:42:01 UTC 2026
Cache sync 41 at Sun May 17 13:42:01 UTC 2026
Cache sync 42 at Sun May 17 13:42:01 UTC 2026
Cache sync 43 at Sun May 17 13:42:01 UTC 2026
Cache sync 44 at Sun May 17 13:42:01 UTC 2026
Cache sync 45 at Sun May 17 13:42:01 UTC 2026
Cache sync 46 at Sun May 17 13:42:01 UTC 2026
Cache sync 47 at Sun May 17 13:42:01 UTC 2026
Cache sync 48 at Sun May 17 13:42:01 UTC 2026
Cache sync 49 at Sun May 17 13:42:02 UTC 2026
Cache sync 50 at Sun May 17 13:42:02 UTC 2026
Cache sync 51 at Sun May 17 13:42:02 UTC 2026
Cache sync 52 at Sun May 17 13:42:02 UTC 2026
Cache sync 53 at Sun May 17 13:42:02 UTC 2026
Cache sync 54 at Sun May 17 13:42:02 UTC 2026
Cache sync 55 at Sun May 17 13:42:02 UTC 2026
Cache sync 56 at Sun May 17 13:42:02 UTC 2026
Cache sync 57 at Sun May 17 13:42:02 UTC 2026
Cache sync 58 at Sun May 17 13:42:02 UTC 2026
Cache sync 59 at Sun May 17 13:42:02 UTC 2026
Cache sync 60 at Sun May 17 13:42:02 UTC 2026
Cache sync 61 at Sun May 17 13:42:02 UTC 2026
Cache sync 62 at Sun May 17 13:42:02 UTC 2026
Cache sync 63 at Sun May 17 13:42:02 UTC 2026
Cache sync 64 at Sun May 17 13:42:02 UTC 2026
Cache sync 65 at Sun May 17 13:42:02 UTC 2026
Cache sync 66 at Sun May 17 13:42:02 UTC 2026
Cache sync 67 at Sun May 17 13:42:02 UTC 2026
Cache sync 68 at Sun May 17 13:42:02 UTC 2026
Cache sync 69 at Sun May 17 13:42:02 UTC 2026
Cache sync 70 at Sun May 17 13:42:02 UTC 2026
Cache sync 71 at Sun May 17 13:42:02 UTC 2026
Cache sync 72 at Sun May 17 13:42:02 UTC 2026
Cache sync 73 at Sun May 17 13:42:02 UTC 2026
Cache sync 1 at Mon May 18 04:08:18 UTC 2026
Cache sync 2 at Mon May 18 04:08:18 UTC 2026
Cache sync 3 at Mon May 18 04:08:18 UTC 2026
Cache sync 4 at Mon May 18 04:08:18 UTC 2026
Cache sync 5 at Mon May 18 04:08:18 UTC 2026
Cache sync 6 at Mon May 18 04:08:18 UTC 2026
Cache sync 7 at Mon May 18 04:08:18 UTC 2026
Cache sync 8 at Mon May 18 04:08:18 UTC 2026
Cache sync 9 at Mon May 18 04:08:18 UTC 2026
Cache sync 10 at Mon May 18 04:08:18 UTC 2026
Cache sync 11 at Mon May 18 04:08:18 UTC 2026
Cache sync 12 at Mon May 18 04:08:18 UTC 2026
Cache sync 13 at Mon May 18 04:08:18 UTC 2026
Cache sync 14 at Mon May 18 04:08:18 UTC 2026
Cache sync 15 at Mon May 18 04:08:18 UTC 2026
Cache sync 16 at Mon May 18 04:08:18 UTC 2026
Cache sync 17 at Mon May 18 04:08:18 UTC 2026
Cache sync 18 at Mon May 18 04:08:18 UTC 2026
Cache sync 19 at Mon May 18 04:08:18 UTC 2026
Cache sync 20 at Mon May 18 04:08:18 UTC 2026
Cache sync 21 at Mon May 18 04:08:18 UTC 2026
Cache sync 22 at Mon May 18 04:08:18 UTC 2026
Cache sync 23 at Mon May 18 04:08:18 UTC 2026
Cache sync 24 at Mon May 18 04:08:18 UTC 2026
Cache sync 25 at Mon May 18 04:08:18 UTC 2026
Cache sync 26 at Mon May 18 04:08:18 UTC 2026
Cache sync 27 at Mon May 18 04:08:18 UTC 2026
Cache sync 28 at Mon May 18 04:08:18 UTC 2026
Cache sync 29 at Mon May 18 04:08:18 UTC 2026
Cache sync 30 at Mon May 18 04:08:18 UTC 2026
Cache sync 31 at Mon May 18 04:08:18 UTC 2026
Cache sync 32 at Mon May 18 04:08:18 UTC 2026
Cache sync 33 at Mon May 18 04:08:18 UTC 2026
Cache sync 34 at Mon May 18 04:08:18 UTC 2026
Cache sync 35 at Mon May 18 04:08:18 UTC 2026
Cache sync 36 at Mon May 18 04:08:18 UTC 2026
Cache sync 37 at Mon May 18 04:08:18 UTC 2026
Cache sync 38 at Mon May 18 04:08:18 UTC 2026
Cache sync 39 at Mon May 18 04:08:18 UTC 2026
Cache sync 40 at Mon May 18 04:08:18 UTC 2026
Cache sync 41 at Mon May 18 04:08:18 UTC 2026
Cache sync 42 at Mon May 18 04:08:18 UTC 2026
Cache sync 43 at Mon May 18 04:08:18 UTC 2026
Cache sync 44 at Mon May 18 04:08:18 UTC 2026
Cache sync 45 at Mon May 18 04:08:18 UTC 2026
Cache sync 46 at Mon May 18 04:08:18 UTC 2026
Cache sync 47 at Mon May 18 04:08:18 UTC 2026
Cache sync 48 at Mon May 18 04:08:19 UTC 2026
Cache sync 49 at Mon May 18 04:08:19 UTC 2026
Cache sync 50 at Mon May 18 04:08:19 UTC 2026
Cache sync 51 at Mon May 18 04:08:19 UTC 2026
Cache sync 52 at Mon May 18 04:08:19 UTC 2026
Cache sync 53 at Mon May 18 04:08:19 UTC 2026
Cache sync 54 at Mon May 18 04:08:19 UTC 2026
Cache sync 55 at Mon May 18 04:08:19 UTC 2026
Cache sync 56 at Mon May 18 04:08:19 UTC 2026
Cache sync 1 at Mon May 18 15:42:44 UTC 2026
Cache sync 2 at Mon May 18 15:42:44 UTC 2026
Cache sync 3 at Mon May 18 15:42:44 UTC 2026
Cache sync 4 at Mon May 18 15:42:44 UTC 2026
Cache sync 5 at Mon May 18 15:42:44 UTC 2026
Cache sync 6 at Mon May 18 15:42:44 UTC 2026
Cache sync 7 at Mon May 18 15:42:44 UTC 2026
Cache sync 8 at Mon May 18 15:42:44 UTC 2026
Cache sync 9 at Mon May 18 15:42:44 UTC 2026
Cache sync 10 at Mon May 18 15:42:44 UTC 2026
Cache sync 11 at Mon May 18 15:42:44 UTC 2026
Cache sync 12 at Mon May 18 15:42:44 UTC 2026
Cache sync 13 at Mon May 18 15:42:44 UTC 2026
Cache sync 14 at Mon May 18 15:42:44 UTC 2026
Cache sync 15 at Mon May 18 15:42:44 UTC 2026
Cache sync 16 at Mon May 18 15:42:44 UTC 2026
Cache sync 17 at Mon May 18 15:42:44 UTC 2026
Cache sync 18 at Mon May 18 15:42:44 UTC 2026
Cache sync 19 at Mon May 18 15:42:44 UTC 2026
Cache sync 20 at Mon May 18 15:42:44 UTC 2026
Cache sync 21 at Mon May 18 15:42:44 UTC 2026
Cache sync 22 at Mon May 18 15:42:44 UTC 2026
Cache sync 23 at Mon May 18 15:42:44 UTC 2026
Cache sync 24 at Mon May 18 15:42:44 UTC 2026
Cache sync 25 at Mon May 18 15:42:44 UTC 2026
Cache sync 26 at Mon May 18 15:42:44 UTC 2026
Cache sync 27 at Mon May 18 15:42:44 UTC 2026
Cache sync 28 at Mon May 18 15:42:44 UTC 2026
Cache sync 29 at Mon May 18 15:42:44 UTC 2026
Cache sync 30 at Mon May 18 15:42:44 UTC 2026
Cache sync 31 at Mon May 18 15:42:44 UTC 2026
Cache sync 32 at Mon May 18 15:42:44 UTC 2026
Cache sync 33 at Mon May 18 15:42:44 UTC 2026
Cache sync 34 at Mon May 18 15:42:44 UTC 2026
Cache sync 35 at Mon May 18 15:42:44 UTC 2026
Cache sync 36 at Mon May 18 15:42:44 UTC 2026
Cache sync 37 at Mon May 18 15:42:44 UTC 2026
Cache sync 38 at Mon May 18 15:42:44 UTC 2026
Cache sync 39 at Mon May 18 15:42:44 UTC 2026
Cache sync 40 at Mon May 18 15:42:44 UTC 2026
Cache sync 41 at Mon May 18 15:42:44 UTC 2026
Cache sync 42 at Mon May 18 15:42:44 UTC 2026
Cache sync 43 at Mon May 18 15:42:44 UTC 2026
Cache sync 44 at Mon May 18 15:42:44 UTC 2026
Cache sync 45 at Mon May 18 15:42:44 UTC 2026
Cache sync 46 at Mon May 18 15:42:44 UTC 2026
Cache sync 47 at Mon May 18 15:42:44 UTC 2026
Cache sync 48 at Mon May 18 15:42:44 UTC 2026
Cache sync 49 at Mon May 18 15:42:44 UTC 2026
Cache sync 50 at Mon May 18 15:42:44 UTC 2026
Cache sync 51 at Mon May 18 15:42:44 UTC 2026
Cache sync 52 at Mon May 18 15:42:44 UTC 2026
Cache sync 53 at Mon May 18 15:42:44 UTC 2026
Cache sync 54 at Mon May 18 15:42:44 UTC 2026
Cache sync 55 at Mon May 18 15:42:44 UTC 2026
Cache sync 1 at Tue May 19 04:01:40 UTC 2026
Cache sync 2 at Tue May 19 04:01:40 UTC 2026
Cache sync 3 at Tue May 19 04:01:40 UTC 2026
Cache sync 4 at Tue May 19 04:01:40 UTC 2026
Cache sync 5 at Tue May 19 04:01:40 UTC 2026
Cache sync 6 at Tue May 19 04:01:40 UTC 2026
Cache sync 7 at Tue May 19 04:01:40 UTC 2026
Cache sync 8 at Tue May 19 04:01:40 UTC 2026
Cache sync 9 at Tue May 19 04:01:41 UTC 2026
Cache sync 10 at Tue May 19 04:01:41 UTC 2026
Cache sync 11 at Tue May 19 04:01:41 UTC 2026
Cache sync 12 at Tue May 19 04:01:41 UTC 2026
Cache sync 13 at Tue May 19 04:01:41 UTC 2026
Cache sync 14 at Tue May 19 04:01:41 UTC 2026
Cache sync 15 at Tue May 19 04:01:41 UTC 2026
Cache sync 16 at Tue May 19 04:01:41 UTC 2026
Cache sync 17 at Tue May 19 04:01:41 UTC 2026
Cache sync 18 at Tue May 19 04:01:41 UTC 2026
Cache sync 19 at Tue May 19 04:01:41 UTC 2026
Cache sync 20 at Tue May 19 04:01:41 UTC 2026
Cache sync 21 at Tue May 19 04:01:41 UTC 2026
Cache sync 22 at Tue May 19 04:01:41 UTC 2026
Cache sync 23 at Tue May 19 04:01:41 UTC 2026
Cache sync 24 at Tue May 19 04:01:41 UTC 2026
Cache sync 25 at Tue May 19 04:01:41 UTC 2026
Cache sync 26 at Tue May 19 04:01:41 UTC 2026
Cache sync 27 at Tue May 19 04:01:41 UTC 2026
Cache sync 28 at Tue May 19 04:01:41 UTC 2026
Cache sync 1 at Tue May 19 15:35:47 UTC 2026
Cache sync 2 at Tue May 19 15:35:47 UTC 2026
Cache sync 3 at Tue May 19 15:35:47 UTC 2026
Cache sync 4 at Tue May 19 15:35:47 UTC 2026
Cache sync 5 at Tue May 19 15:35:47 UTC 2026
Cache sync 6 at Tue May 19 15:35:47 UTC 2026
Cache sync 7 at Tue May 19 15:35:47 UTC 2026
Cache sync 8 at Tue May 19 15:35:47 UTC 2026
Cache sync 9 at Tue May 19 15:35:47 UTC 2026
Cache sync 10 at Tue May 19 15:35:47 UTC 2026
Cache sync 11 at Tue May 19 15:35:47 UTC 2026
Cache sync 12 at Tue May 19 15:35:47 UTC 2026
Cache sync 13 at Tue May 19 15:35:47 UTC 2026
Cache sync 14 at Tue May 19 15:35:47 UTC 2026
Cache sync 15 at Tue May 19 15:35:47 UTC 2026
Cache sync 16 at Tue May 19 15:35:47 UTC 2026
Cache sync 17 at Tue May 19 15:35:47 UTC 2026
Cache sync 18 at Tue May 19 15:35:47 UTC 2026
Cache sync 19 at Tue May 19 15:35:47 UTC 2026
Cache sync 20 at Tue May 19 15:35:47 UTC 2026
Cache sync 21 at Tue May 19 15:35:47 UTC 2026
Cache sync 22 at Tue May 19 15:35:47 UTC 2026
Cache sync 23 at Tue May 19 15:35:47 UTC 2026
Cache sync 24 at Tue May 19 15:35:47 UTC 2026
Cache sync 25 at Tue May 19 15:35:47 UTC 2026
Cache sync 26 at Tue May 19 15:35:47 UTC 2026
Cache sync 27 at Tue May 19 15:35:47 UTC 2026
Cache sync 28 at Tue May 19 15:35:47 UTC 2026
Cache sync 29 at Tue May 19 15:35:47 UTC 2026
Cache sync 30 at Tue May 19 15:35:47 UTC 2026
Cache sync 31 at Tue May 19 15:35:47 UTC 2026
Cache sync 32 at Tue May 19 15:35:47 UTC 2026
Cache sync 33 at Tue May 19 15:35:47 UTC 2026
Cache sync 34 at Tue May 19 15:35:47 UTC 2026
Cache sync 35 at Tue May 19 15:35:47 UTC 2026
Cache sync 36 at Tue May 19 15:35:47 UTC 2026
Cache sync 37 at Tue May 19 15:35:47 UTC 2026
Cache sync 38 at Tue May 19 15:35:47 UTC 2026
Cache sync 39 at Tue May 19 15:35:47 UTC 2026
Cache sync 40 at Tue May 19 15:35:47 UTC 2026
Cache sync 41 at Tue May 19 15:35:47 UTC 2026
Cache sync 42 at Tue May 19 15:35:47 UTC 2026
Cache sync 43 at Tue May 19 15:35:47 UTC 2026
Cache sync 44 at Tue May 19 15:35:47 UTC 2026
Cache sync 45 at Tue May 19 15:35:47 UTC 2026
Cache sync 46 at Tue May 19 15:35:47 UTC 2026
Cache sync 47 at Tue May 19 15:35:47 UTC 2026
Cache sync 48 at Tue May 19 15:35:47 UTC 2026
Cache sync 49 at Tue May 19 15:35:47 UTC 2026
Cache sync 50 at Tue May 19 15:35:47 UTC 2026
Cache sync 51 at Tue May 19 15:35:47 UTC 2026
Cache sync 52 at Tue May 19 15:35:47 UTC 2026
Cache sync 53 at Tue May 19 15:35:47 UTC 2026
Cache sync 54 at Tue May 19 15:35:47 UTC 2026
Cache sync 55 at Tue May 19 15:35:47 UTC 2026
Cache sync 56 at Tue May 19 15:35:47 UTC 2026
Cache sync 57 at Tue May 19 15:35:47 UTC 2026
Cache sync 58 at Tue May 19 15:35:47 UTC 2026
Cache sync 59 at Tue May 19 15:35:47 UTC 2026
Cache sync 60 at Tue May 19 15:35:47 UTC 2026
Cache sync 61 at Tue May 19 15:35:47 UTC 2026
Cache sync 62 at Tue May 19 15:35:47 UTC 2026
Cache sync 63 at Tue May 19 15:35:47 UTC 2026
Cache sync 64 at Tue May 19 15:35:47 UTC 2026
Cache sync 65 at Tue May 19 15:35:47 UTC 2026
Cache sync 66 at Tue May 19 15:35:47 UTC 2026
Cache sync 67 at Tue May 19 15:35:47 UTC 2026
Cache sync 1 at Wed May 20 04:02:26 UTC 2026
Cache sync 2 at Wed May 20 04:02:26 UTC 2026
Cache sync 3 at Wed May 20 04:02:26 UTC 2026
Cache sync 4 at Wed May 20 04:02:27 UTC 2026
Cache sync 5 at Wed May 20 04:02:27 UTC 2026
Cache sync 6 at Wed May 20 04:02:27 UTC 2026
Cache sync 7 at Wed May 20 04:02:27 UTC 2026
Cache sync 8 at Wed May 20 04:02:27 UTC 2026
Cache sync 9 at Wed May 20 04:02:27 UTC 2026
Cache sync 10 at Wed May 20 04:02:27 UTC 2026
Cache sync 11 at Wed May 20 04:02:27 UTC 2026
Cache sync 12 at Wed May 20 04:02:27 UTC 2026
Cache sync 13 at Wed May 20 04:02:27 UTC 2026
Cache sync 14 at Wed May 20 04:02:27 UTC 2026
Cache sync 15 at Wed May 20 04:02:27 UTC 2026
Cache sync 1 at Wed May 20 15:34:56 UTC 2026
Cache sync 2 at Wed May 20 15:34:56 UTC 2026
Cache sync 3 at Wed May 20 15:34:56 UTC 2026
Cache sync 4 at Wed May 20 15:34:56 UTC 2026
Cache sync 5 at Wed May 20 15:34:56 UTC 2026
Cache sync 6 at Wed May 20 15:34:56 UTC 2026
Cache sync 7 at Wed May 20 15:34:56 UTC 2026
Cache sync 8 at Wed May 20 15:34:56 UTC 2026
Cache sync 9 at Wed May 20 15:34:56 UTC 2026
Cache sync 10 at Wed May 20 15:34:56 UTC 2026
Cache sync 11 at Wed May 20 15:34:56 UTC 2026
Cache sync 12 at Wed May 20 15:34:56 UTC 2026
Cache sync 13 at Wed May 20 15:34:56 UTC 2026
Cache sync 14 at Wed May 20 15:34:56 UTC 2026
Cache sync 15 at Wed May 20 15:34:56 UTC 2026
Cache sync 16 at Wed May 20 15:34:56 UTC 2026
Cache sync 17 at Wed May 20 15:34:56 UTC 2026
Cache sync 18 at Wed May 20 15:34:56 UTC 2026
Cache sync 19 at Wed May 20 15:34:56 UTC 2026
Cache sync 20 at Wed May 20 15:34:56 UTC 2026
Cache sync 21 at Wed May 20 15:34:56 UTC 2026
Cache sync 22 at Wed May 20 15:34:56 UTC 2026
Cache sync 23 at Wed May 20 15:34:56 UTC 2026
Cache sync 24 at Wed May 20 15:34:56 UTC 2026
Cache sync 25 at Wed May 20 15:34:56 UTC 2026
Cache sync 26 at Wed May 20 15:34:56 UTC 2026
Cache sync 27 at Wed May 20 15:34:56 UTC 2026
Cache sync 28 at Wed May 20 15:34:57 UTC 2026
Cache sync 29 at Wed May 20 15:34:57 UTC 2026
Cache sync 30 at Wed May 20 15:34:57 UTC 2026
Cache sync 31 at Wed May 20 15:34:57 UTC 2026
Cache sync 32 at Wed May 20 15:34:57 UTC 2026
Cache sync 33 at Wed May 20 15:34:57 UTC 2026
Cache sync 34 at Wed May 20 15:34:57 UTC 2026
Cache sync 35 at Wed May 20 15:34:57 UTC 2026
Cache sync 36 at Wed May 20 15:34:57 UTC 2026
Cache sync 37 at Wed May 20 15:34:57 UTC 2026
Cache sync 38 at Wed May 20 15:34:57 UTC 2026
Cache sync 39 at Wed May 20 15:34:57 UTC 2026
Cache sync 1 at Thu May 21 04:11:46 UTC 2026
Cache sync 2 at Thu May 21 04:11:46 UTC 2026
Cache sync 3 at Thu May 21 04:11:46 UTC 2026
Cache sync 4 at Thu May 21 04:11:46 UTC 2026
Cache sync 5 at Thu May 21 04:11:46 UTC 2026
Cache sync 6 at Thu May 21 04:11:46 UTC 2026
Cache sync 7 at Thu May 21 04:11:46 UTC 2026
Cache sync 8 at Thu May 21 04:11:46 UTC 2026
Cache sync 9 at Thu May 21 04:11:46 UTC 2026
Cache sync 10 at Thu May 21 04:11:46 UTC 2026
Cache sync 11 at Thu May 21 04:11:46 UTC 2026
Cache sync 12 at Thu May 21 04:11:46 UTC 2026
Cache sync 13 at Thu May 21 04:11:46 UTC 2026
Cache sync 14 at Thu May 21 04:11:46 UTC 2026
Cache sync 15 at Thu May 21 04:11:46 UTC 2026
Cache sync 16 at Thu May 21 04:11:46 UTC 2026
Cache sync 17 at Thu May 21 04:11:46 UTC 2026
Cache sync 18 at Thu May 21 04:11:46 UTC 2026
Cache sync 19 at Thu May 21 04:11:46 UTC 2026
Cache sync 20 at Thu May 21 04:11:46 UTC 2026
Cache sync 21 at Thu May 21 04:11:46 UTC 2026
Cache sync 22 at Thu May 21 04:11:46 UTC 2026
Cache sync 23 at Thu May 21 04:11:46 UTC 2026
Cache sync 24 at Thu May 21 04:11:46 UTC 2026
Cache sync 25 at Thu May 21 04:11:46 UTC 2026
Cache sync 26 at Thu May 21 04:11:46 UTC 2026
Cache sync 27 at Thu May 21 04:11:46 UTC 2026
Cache sync 28 at Thu May 21 04:11:46 UTC 2026
Cache sync 29 at Thu May 21 04:11:46 UTC 2026
Cache sync 30 at Thu May 21 04:11:46 UTC 2026
Cache sync 31 at Thu May 21 04:11:46 UTC 2026
Cache sync 32 at Thu May 21 04:11:46 UTC 2026
Cache sync 33 at Thu May 21 04:11:46 UTC 2026
Cache sync 34 at Thu May 21 04:11:46 UTC 2026
Cache sync 35 at Thu May 21 04:11:46 UTC 2026
Cache sync 36 at Thu May 21 04:11:46 UTC 2026
Cache sync 37 at Thu May 21 04:11:46 UTC 2026
Cache sync 38 at Thu May 21 04:11:46 UTC 2026
Cache sync 39 at Thu May 21 04:11:46 UTC 2026
Cache sync 40 at Thu May 21 04:11:46 UTC 2026
Cache sync 41 at Thu May 21 04:11:46 UTC 2026
Cache sync 42 at Thu May 21 04:11:46 UTC 2026
Cache sync 43 at Thu May 21 04:11:46 UTC 2026
Cache sync 44 at Thu May 21 04:11:46 UTC 2026
Cache sync 45 at Thu May 21 04:11:46 UTC 2026
Cache sync 46 at Thu May 21 04:11:46 UTC 2026
Cache sync 47 at Thu May 21 04:11:46 UTC 2026
Cache sync 48 at Thu May 21 04:11:46 UTC 2026
Cache sync 49 at Thu May 21 04:11:46 UTC 2026
Cache sync 50 at Thu May 21 04:11:46 UTC 2026
Cache sync 51 at Thu May 21 04:11:46 UTC 2026
Cache sync 52 at Thu May 21 04:11:46 UTC 2026
Cache sync 53 at Thu May 21 04:11:46 UTC 2026
Cache sync 54 at Thu May 21 04:11:46 UTC 2026
Cache sync 55 at Thu May 21 04:11:46 UTC 2026
Cache sync 56 at Thu May 21 04:11:46 UTC 2026
Cache sync 57 at Thu May 21 04:11:46 UTC 2026
Cache sync 1 at Thu May 21 15:39:05 UTC 2026
Cache sync 2 at Thu May 21 15:39:05 UTC 2026
Cache sync 3 at Thu May 21 15:39:05 UTC 2026
Cache sync 4 at Thu May 21 15:39:05 UTC 2026
Cache sync 5 at Thu May 21 15:39:05 UTC 2026
Cache sync 6 at Thu May 21 15:39:05 UTC 2026
Cache sync 7 at Thu May 21 15:39:05 UTC 2026
Cache sync 8 at Thu May 21 15:39:05 UTC 2026
Cache sync 9 at Thu May 21 15:39:05 UTC 2026
Cache sync 10 at Thu May 21 15:39:05 UTC 2026
Cache sync 11 at Thu May 21 15:39:05 UTC 2026
Cache sync 12 at Thu May 21 15:39:05 UTC 2026
Cache sync 13 at Thu May 21 15:39:05 UTC 2026
Cache sync 14 at Thu May 21 15:39:05 UTC 2026
Cache sync 15 at Thu May 21 15:39:05 UTC 2026
Cache sync 16 at Thu May 21 15:39:05 UTC 2026
Cache sync 17 at Thu May 21 15:39:05 UTC 2026
Cache sync 18 at Thu May 21 15:39:05 UTC 2026
Cache sync 19 at Thu May 21 15:39:05 UTC 2026
Cache sync 20 at Thu May 21 15:39:05 UTC 2026
Cache sync 21 at Thu May 21 15:39:05 UTC 2026
Cache sync 22 at Thu May 21 15:39:05 UTC 2026
Cache sync 23 at Thu May 21 15:39:05 UTC 2026
Cache sync 24 at Thu May 21 15:39:05 UTC 2026
Cache sync 25 at Thu May 21 15:39:05 UTC 2026
Cache sync 26 at Thu May 21 15:39:05 UTC 2026
Cache sync 27 at Thu May 21 15:39:05 UTC 2026
Cache sync 28 at Thu May 21 15:39:05 UTC 2026
Cache sync 29 at Thu May 21 15:39:05 UTC 2026
Cache sync 30 at Thu May 21 15:39:05 UTC 2026
Cache sync 31 at Thu May 21 15:39:05 UTC 2026
Cache sync 1 at Fri May 22 04:06:17 UTC 2026
Cache sync 2 at Fri May 22 04:06:17 UTC 2026
Cache sync 3 at Fri May 22 04:06:17 UTC 2026
Cache sync 4 at Fri May 22 04:06:17 UTC 2026
Cache sync 5 at Fri May 22 04:06:17 UTC 2026
Cache sync 6 at Fri May 22 04:06:17 UTC 2026
Cache sync 7 at Fri May 22 04:06:17 UTC 2026
Cache sync 8 at Fri May 22 04:06:17 UTC 2026
Cache sync 9 at Fri May 22 04:06:17 UTC 2026
Cache sync 10 at Fri May 22 04:06:17 UTC 2026
Cache sync 11 at Fri May 22 04:06:17 UTC 2026
Cache sync 12 at Fri May 22 04:06:17 UTC 2026
Cache sync 13 at Fri May 22 04:06:17 UTC 2026
Cache sync 14 at Fri May 22 04:06:17 UTC 2026
Cache sync 15 at Fri May 22 04:06:17 UTC 2026
Cache sync 16 at Fri May 22 04:06:17 UTC 2026
Cache sync 17 at Fri May 22 04:06:17 UTC 2026
Cache sync 18 at Fri May 22 04:06:17 UTC 2026
Cache sync 19 at Fri May 22 04:06:17 UTC 2026
Cache sync 20 at Fri May 22 04:06:17 UTC 2026
Cache sync 21 at Fri May 22 04:06:17 UTC 2026
Cache sync 22 at Fri May 22 04:06:17 UTC 2026
Cache sync 23 at Fri May 22 04:06:17 UTC 2026
Cache sync 24 at Fri May 22 04:06:17 UTC 2026
Cache sync 25 at Fri May 22 04:06:17 UTC 2026
Cache sync 26 at Fri May 22 04:06:17 UTC 2026
Cache sync 27 at Fri May 22 04:06:18 UTC 2026
Cache sync 28 at Fri May 22 04:06:18 UTC 2026
Cache sync 29 at Fri May 22 04:06:18 UTC 2026
Cache sync 30 at Fri May 22 04:06:18 UTC 2026
Cache sync 31 at Fri May 22 04:06:18 UTC 2026
Cache sync 32 at Fri May 22 04:06:18 UTC 2026
Cache sync 33 at Fri May 22 04:06:18 UTC 2026
Cache sync 1 at Fri May 22 14:48:53 UTC 2026
Cache sync 2 at Fri May 22 14:48:53 UTC 2026
Cache sync 3 at Fri May 22 14:48:53 UTC 2026
Cache sync 4 at Fri May 22 14:48:53 UTC 2026
Cache sync 5 at Fri May 22 14:48:53 UTC 2026
Cache sync 6 at Fri May 22 14:48:53 UTC 2026
Cache sync 7 at Fri May 22 14:48:53 UTC 2026
Cache sync 8 at Fri May 22 14:48:53 UTC 2026
Cache sync 9 at Fri May 22 14:48:53 UTC 2026
Cache sync 10 at Fri May 22 14:48:53 UTC 2026
Cache sync 11 at Fri May 22 14:48:53 UTC 2026
Cache sync 12 at Fri May 22 14:48:53 UTC 2026
Cache sync 13 at Fri May 22 14:48:53 UTC 2026
Cache sync 14 at Fri May 22 14:48:53 UTC 2026
Cache sync 15 at Fri May 22 14:48:53 UTC 2026
Cache sync 16 at Fri May 22 14:48:53 UTC 2026
Cache sync 17 at Fri May 22 14:48:53 UTC 2026
Cache sync 18 at Fri May 22 14:48:53 UTC 2026
Cache sync 19 at Fri May 22 14:48:53 UTC 2026
Cache sync 20 at Fri May 22 14:48:53 UTC 2026
Cache sync 21 at Fri May 22 14:48:53 UTC 2026
Cache sync 22 at Fri May 22 14:48:53 UTC 2026
Cache sync 23 at Fri May 22 14:48:53 UTC 2026
Cache sync 24 at Fri May 22 14:48:53 UTC 2026
Cache sync 25 at Fri May 22 14:48:53 UTC 2026
Cache sync 26 at Fri May 22 14:48:53 UTC 2026
Cache sync 27 at Fri May 22 14:48:53 UTC 2026
Cache sync 28 at Fri May 22 14:48:53 UTC 2026
Cache sync 29 at Fri May 22 14:48:53 UTC 2026
Cache sync 30 at Fri May 22 14:48:53 UTC 2026
Cache sync 31 at Fri May 22 14:48:53 UTC 2026
Cache sync 32 at Fri May 22 14:48:53 UTC 2026
Cache sync 33 at Fri May 22 14:48:53 UTC 2026
Cache sync 34 at Fri May 22 14:48:53 UTC 2026
Cache sync 35 at Fri May 22 14:48:53 UTC 2026
Cache sync 36 at Fri May 22 14:48:53 UTC 2026
Cache sync 37 at Fri May 22 14:48:54 UTC 2026
Cache sync 38 at Fri May 22 14:48:54 UTC 2026
Cache sync 39 at Fri May 22 14:48:54 UTC 2026
Cache sync 40 at Fri May 22 14:48:54 UTC 2026
Cache sync 41 at Fri May 22 14:48:54 UTC 2026
Cache sync 42 at Fri May 22 14:48:54 UTC 2026
Cache sync 43 at Fri May 22 14:48:54 UTC 2026
Cache sync 44 at Fri May 22 14:48:54 UTC 2026
Cache sync 45 at Fri May 22 14:48:54 UTC 2026
Cache sync 46 at Fri May 22 14:48:54 UTC 2026
Cache sync 47 at Fri May 22 14:48:54 UTC 2026
Cache sync 48 at Fri May 22 14:48:54 UTC 2026
Cache sync 49 at Fri May 22 14:48:54 UTC 2026
Cache sync 50 at Fri May 22 14:48:54 UTC 2026
Cache sync 51 at Fri May 22 14:48:54 UTC 2026
Cache sync 52 at Fri May 22 14:48:54 UTC 2026
Cache sync 53 at Fri May 22 14:48:54 UTC 2026
Cache sync 54 at Fri May 22 14:48:54 UTC 2026
Cache sync 55 at Fri May 22 14:48:54 UTC 2026
Cache sync 56 at Fri May 22 14:48:54 UTC 2026
Cache sync 57 at Fri May 22 14:48:54 UTC 2026
Cache sync 58 at Fri May 22 14:48:54 UTC 2026
Cache sync 59 at Fri May 22 14:48:54 UTC 2026
Cache sync 60 at Fri May 22 14:48:54 UTC 2026
Cache sync 61 at Fri May 22 14:48:54 UTC 2026
Cache sync 62 at Fri May 22 14:48:54 UTC 2026
Cache sync 63 at Fri May 22 14:48:54 UTC 2026
Cache sync 64 at Fri May 22 14:48:54 UTC 2026
Cache sync 65 at Fri May 22 14:48:54 UTC 2026
Cache sync 66 at Fri May 22 14:48:54 UTC 2026
Cache sync 67 at Fri May 22 14:48:54 UTC 2026
Cache sync 68 at Fri May 22 14:48:54 UTC 2026
Cache sync 69 at Fri May 22 14:48:54 UTC 2026
Cache sync 70 at Fri May 22 14:48:54 UTC 2026
Cache sync 71 at Fri May 22 14:48:54 UTC 2026
Cache sync 72 at Fri May 22 14:48:54 UTC 2026
Cache sync 73 at Fri May 22 14:48:54 UTC 2026
Cache sync 74 at Fri May 22 14:48:54 UTC 2026
Cache sync 75 at Fri May 22 14:48:54 UTC 2026
Cache sync 1 at Sat May 23 03:43:41 UTC 2026
Cache sync 2 at Sat May 23 03:43:41 UTC 2026
Cache sync 3 at Sat May 23 03:43:41 UTC 2026
Cache sync 4 at Sat May 23 03:43:41 UTC 2026
Cache sync 5 at Sat May 23 03:43:41 UTC 2026
Cache sync 6 at Sat May 23 03:43:41 UTC 2026
Cache sync 7 at Sat May 23 03:43:41 UTC 2026
Cache sync 8 at Sat May 23 03:43:41 UTC 2026
Cache sync 9 at Sat May 23 03:43:41 UTC 2026
Cache sync 10 at Sat May 23 03:43:41 UTC 2026
Cache sync 11 at Sat May 23 03:43:41 UTC 2026
Cache sync 12 at Sat May 23 03:43:41 UTC 2026
Cache sync 13 at Sat May 23 03:43:41 UTC 2026
Cache sync 14 at Sat May 23 03:43:41 UTC 2026
Cache sync 15 at Sat May 23 03:43:41 UTC 2026
Cache sync 16 at Sat May 23 03:43:41 UTC 2026
Cache sync 17 at Sat May 23 03:43:41 UTC 2026
Cache sync 18 at Sat May 23 03:43:41 UTC 2026
Cache sync 19 at Sat May 23 03:43:41 UTC 2026
Cache sync 20 at Sat May 23 03:43:41 UTC 2026
Cache sync 21 at Sat May 23 03:43:41 UTC 2026
Cache sync 22 at Sat May 23 03:43:41 UTC 2026
Cache sync 23 at Sat May 23 03:43:41 UTC 2026
Cache sync 24 at Sat May 23 03:43:41 UTC 2026
Cache sync 25 at Sat May 23 03:43:41 UTC 2026
Cache sync 26 at Sat May 23 03:43:41 UTC 2026
Cache sync 27 at Sat May 23 03:43:41 UTC 2026
Cache sync 28 at Sat May 23 03:43:41 UTC 2026
Cache sync 29 at Sat May 23 03:43:41 UTC 2026
Cache sync 30 at Sat May 23 03:43:41 UTC 2026
Cache sync 31 at Sat May 23 03:43:41 UTC 2026
Cache sync 32 at Sat May 23 03:43:41 UTC 2026
Cache sync 33 at Sat May 23 03:43:41 UTC 2026
Cache sync 34 at Sat May 23 03:43:41 UTC 2026
Cache sync 35 at Sat May 23 03:43:41 UTC 2026
Cache sync 36 at Sat May 23 03:43:41 UTC 2026
Cache sync 37 at Sat May 23 03:43:41 UTC 2026
Cache sync 38 at Sat May 23 03:43:41 UTC 2026
Cache sync 39 at Sat May 23 03:43:41 UTC 2026
Cache sync 40 at Sat May 23 03:43:41 UTC 2026
Cache sync 41 at Sat May 23 03:43:41 UTC 2026
Cache sync 42 at Sat May 23 03:43:41 UTC 2026
Cache sync 43 at Sat May 23 03:43:41 UTC 2026
Cache sync 44 at Sat May 23 03:43:41 UTC 2026
Cache sync 45 at Sat May 23 03:43:41 UTC 2026
Cache sync 46 at Sat May 23 03:43:41 UTC 2026
Cache sync 47 at Sat May 23 03:43:41 UTC 2026
Cache sync 1 at Sun May 24 04:05:16 UTC 2026
Cache sync 2 at Sun May 24 04:05:16 UTC 2026
Cache sync 3 at Sun May 24 04:05:16 UTC 2026
Cache sync 4 at Sun May 24 04:05:16 UTC 2026
Cache sync 5 at Sun May 24 04:05:16 UTC 2026
Cache sync 6 at Sun May 24 04:05:16 UTC 2026
Cache sync 7 at Sun May 24 04:05:16 UTC 2026
Cache sync 8 at Sun May 24 04:05:16 UTC 2026
Cache sync 9 at Sun May 24 04:05:16 UTC 2026
Cache sync 10 at Sun May 24 04:05:16 UTC 2026
Cache sync 11 at Sun May 24 04:05:16 UTC 2026
Cache sync 12 at Sun May 24 04:05:16 UTC 2026
Cache sync 13 at Sun May 24 04:05:16 UTC 2026
Cache sync 14 at Sun May 24 04:05:16 UTC 2026
Cache sync 15 at Sun May 24 04:05:16 UTC 2026
Cache sync 16 at Sun May 24 04:05:16 UTC 2026
Cache sync 17 at Sun May 24 04:05:16 UTC 2026
Cache sync 18 at Sun May 24 04:05:16 UTC 2026
Cache sync 19 at Sun May 24 04:05:16 UTC 2026
Cache sync 20 at Sun May 24 04:05:16 UTC 2026
Cache sync 21 at Sun May 24 04:05:16 UTC 2026
Cache sync 22 at Sun May 24 04:05:16 UTC 2026
Cache sync 23 at Sun May 24 04:05:16 UTC 2026
Cache sync 24 at Sun May 24 04:05:16 UTC 2026
Cache sync 25 at Sun May 24 04:05:16 UTC 2026
Cache sync 26 at Sun May 24 04:05:16 UTC 2026
Cache sync 27 at Sun May 24 04:05:16 UTC 2026
Cache sync 28 at Sun May 24 04:05:16 UTC 2026
Cache sync 29 at Sun May 24 04:05:16 UTC 2026
Cache sync 30 at Sun May 24 04:05:16 UTC 2026
Cache sync 1 at Sun May 24 13:46:03 UTC 2026
Cache sync 2 at Sun May 24 13:46:03 UTC 2026
Cache sync 3 at Sun May 24 13:46:03 UTC 2026
Cache sync 4 at Sun May 24 13:46:03 UTC 2026
Cache sync 5 at Sun May 24 13:46:03 UTC 2026
Cache sync 6 at Sun May 24 13:46:03 UTC 2026
Cache sync 7 at Sun May 24 13:46:03 UTC 2026
Cache sync 8 at Sun May 24 13:46:03 UTC 2026
Cache sync 9 at Sun May 24 13:46:03 UTC 2026
Cache sync 10 at Sun May 24 13:46:03 UTC 2026
Cache sync 11 at Sun May 24 13:46:03 UTC 2026
Cache sync 12 at Sun May 24 13:46:03 UTC 2026
Cache sync 13 at Sun May 24 13:46:03 UTC 2026
Cache sync 14 at Sun May 24 13:46:03 UTC 2026
Cache sync 15 at Sun May 24 13:46:03 UTC 2026
Cache sync 16 at Sun May 24 13:46:03 UTC 2026
Cache sync 17 at Sun May 24 13:46:03 UTC 2026
Cache sync 18 at Sun May 24 13:46:03 UTC 2026
Cache sync 19 at Sun May 24 13:46:03 UTC 2026
Cache sync 20 at Sun May 24 13:46:03 UTC 2026
Cache sync 21 at Sun May 24 13:46:03 UTC 2026
Cache sync 22 at Sun May 24 13:46:03 UTC 2026
Cache sync 23 at Sun May 24 13:46:03 UTC 2026
Cache sync 24 at Sun May 24 13:46:03 UTC 2026
Cache sync 25 at Sun May 24 13:46:03 UTC 2026
Cache sync 26 at Sun May 24 13:46:03 UTC 2026
Cache sync 27 at Sun May 24 13:46:03 UTC 2026
Cache sync 28 at Sun May 24 13:46:03 UTC 2026
Cache sync 29 at Sun May 24 13:46:03 UTC 2026
Cache sync 30 at Sun May 24 13:46:03 UTC 2026
Cache sync 31 at Sun May 24 13:46:03 UTC 2026
Cache sync 32 at Sun May 24 13:46:03 UTC 2026
Cache sync 33 at Sun May 24 13:46:03 UTC 2026
Cache sync 34 at Sun May 24 13:46:03 UTC 2026
Cache sync 35 at Sun May 24 13:46:03 UTC 2026
Cache sync 36 at Sun May 24 13:46:03 UTC 2026
Cache sync 37 at Sun May 24 13:46:03 UTC 2026
Cache sync 38 at Sun May 24 13:46:03 UTC 2026
Cache sync 39 at Sun May 24 13:46:03 UTC 2026
Cache sync 40 at Sun May 24 13:46:03 UTC 2026
Cache sync 41 at Sun May 24 13:46:03 UTC 2026
Cache sync 42 at Sun May 24 13:46:03 UTC 2026
Cache sync 43 at Sun May 24 13:46:03 UTC 2026
Cache sync 44 at Sun May 24 13:46:03 UTC 2026
Cache sync 45 at Sun May 24 13:46:03 UTC 2026
Cache sync 46 at Sun May 24 13:46:03 UTC 2026
Cache sync 47 at Sun May 24 13:46:03 UTC 2026
Cache sync 48 at Sun May 24 13:46:03 UTC 2026
Cache sync 49 at Sun May 24 13:46:03 UTC 2026
Cache sync 50 at Sun May 24 13:46:03 UTC 2026
Cache sync 51 at Sun May 24 13:46:03 UTC 2026
Cache sync 52 at Sun May 24 13:46:03 UTC 2026
Cache sync 53 at Sun May 24 13:46:03 UTC 2026
Cache sync 54 at Sun May 24 13:46:03 UTC 2026
Cache sync 55 at Sun May 24 13:46:03 UTC 2026
Cache sync 56 at Sun May 24 13:46:03 UTC 2026
Cache sync 57 at Sun May 24 13:46:03 UTC 2026
Cache sync 58 at Sun May 24 13:46:03 UTC 2026
Cache sync 59 at Sun May 24 13:46:03 UTC 2026
Cache sync 60 at Sun May 24 13:46:03 UTC 2026
Cache sync 61 at Sun May 24 13:46:03 UTC 2026
Cache sync 1 at Mon May 25 04:16:47 UTC 2026
Cache sync 2 at Mon May 25 04:16:47 UTC 2026
Cache sync 3 at Mon May 25 04:16:47 UTC 2026
Cache sync 4 at Mon May 25 04:16:47 UTC 2026
Cache sync 5 at Mon May 25 04:16:47 UTC 2026
Cache sync 6 at Mon May 25 04:16:47 UTC 2026
Cache sync 7 at Mon May 25 04:16:47 UTC 2026
Cache sync 8 at Mon May 25 04:16:47 UTC 2026
Cache sync 9 at Mon May 25 04:16:47 UTC 2026
Cache sync 10 at Mon May 25 04:16:47 UTC 2026
Cache sync 11 at Mon May 25 04:16:47 UTC 2026
Cache sync 12 at Mon May 25 04:16:47 UTC 2026
Cache sync 1 at Mon May 25 15:17:59 UTC 2026
Cache sync 2 at Mon May 25 15:17:59 UTC 2026
Cache sync 3 at Mon May 25 15:17:59 UTC 2026
Cache sync 4 at Mon May 25 15:17:59 UTC 2026
Cache sync 5 at Mon May 25 15:17:59 UTC 2026
Cache sync 6 at Mon May 25 15:17:59 UTC 2026
Cache sync 7 at Mon May 25 15:17:59 UTC 2026
Cache sync 8 at Mon May 25 15:17:59 UTC 2026
Cache sync 9 at Mon May 25 15:17:59 UTC 2026
Cache sync 10 at Mon May 25 15:17:59 UTC 2026
Cache sync 11 at Mon May 25 15:17:59 UTC 2026
Cache sync 12 at Mon May 25 15:17:59 UTC 2026
Cache sync 1 at Tue May 26 04:02:17 UTC 2026
Cache sync 2 at Tue May 26 04:02:17 UTC 2026
Cache sync 3 at Tue May 26 04:02:17 UTC 2026
Cache sync 4 at Tue May 26 04:02:17 UTC 2026
Cache sync 5 at Tue May 26 04:02:17 UTC 2026
Cache sync 6 at Tue May 26 04:02:17 UTC 2026
Cache sync 7 at Tue May 26 04:02:17 UTC 2026
Cache sync 8 at Tue May 26 04:02:17 UTC 2026
Cache sync 9 at Tue May 26 04:02:17 UTC 2026
Cache sync 10 at Tue May 26 04:02:17 UTC 2026
Cache sync 11 at Tue May 26 04:02:17 UTC 2026
Cache sync 12 at Tue May 26 04:02:17 UTC 2026
Cache sync 13 at Tue May 26 04:02:17 UTC 2026
Cache sync 14 at Tue May 26 04:02:17 UTC 2026
Cache sync 15 at Tue May 26 04:02:17 UTC 2026
Cache sync 16 at Tue May 26 04:02:17 UTC 2026
Cache sync 17 at Tue May 26 04:02:17 UTC 2026
Cache sync 18 at Tue May 26 04:02:17 UTC 2026
Cache sync 19 at Tue May 26 04:02:17 UTC 2026
Cache sync 20 at Tue May 26 04:02:17 UTC 2026
Cache sync 21 at Tue May 26 04:02:18 UTC 2026
Cache sync 22 at Tue May 26 04:02:18 UTC 2026
Cache sync 23 at Tue May 26 04:02:18 UTC 2026
Cache sync 24 at Tue May 26 04:02:18 UTC 2026
Cache sync 25 at Tue May 26 04:02:18 UTC 2026
Cache sync 26 at Tue May 26 04:02:18 UTC 2026
Cache sync 27 at Tue May 26 04:02:18 UTC 2026
Cache sync 28 at Tue May 26 04:02:18 UTC 2026
Cache sync 29 at Tue May 26 04:02:18 UTC 2026
Cache sync 30 at Tue May 26 04:02:18 UTC 2026
Cache sync 31 at Tue May 26 04:02:18 UTC 2026
Cache sync 32 at Tue May 26 04:02:18 UTC 2026
Cache sync 33 at Tue May 26 04:02:18 UTC 2026
Cache sync 34 at Tue May 26 04:02:18 UTC 2026
Cache sync 35 at Tue May 26 04:02:18 UTC 2026
Cache sync 36 at Tue May 26 04:02:18 UTC 2026
Cache sync 37 at Tue May 26 04:02:18 UTC 2026
Cache sync 38 at Tue May 26 04:02:18 UTC 2026
Cache sync 39 at Tue May 26 04:02:18 UTC 2026
Cache sync 40 at Tue May 26 04:02:18 UTC 2026
Cache sync 41 at Tue May 26 04:02:18 UTC 2026
Cache sync 42 at Tue May 26 04:02:18 UTC 2026
Cache sync 43 at Tue May 26 04:02:18 UTC 2026
Cache sync 44 at Tue May 26 04:02:18 UTC 2026
Cache sync 45 at Tue May 26 04:02:18 UTC 2026
Cache sync 46 at Tue May 26 04:02:18 UTC 2026
Cache sync 47 at Tue May 26 04:02:18 UTC 2026
Cache sync 48 at Tue May 26 04:02:18 UTC 2026
Cache sync 49 at Tue May 26 04:02:18 UTC 2026
Cache sync 50 at Tue May 26 04:02:18 UTC 2026
Cache sync 51 at Tue May 26 04:02:18 UTC 2026
Cache sync 52 at Tue May 26 04:02:18 UTC 2026
Cache sync 53 at Tue May 26 04:02:18 UTC 2026
Cache sync 54 at Tue May 26 04:02:18 UTC 2026
Cache sync 55 at Tue May 26 04:02:18 UTC 2026
Cache sync 56 at Tue May 26 04:02:18 UTC 2026
Cache sync 57 at Tue May 26 04:02:18 UTC 2026
Cache sync 58 at Tue May 26 04:02:18 UTC 2026
Cache sync 59 at Tue May 26 04:02:18 UTC 2026
Cache sync 60 at Tue May 26 04:02:18 UTC 2026
Cache sync 61 at Tue May 26 04:02:18 UTC 2026
Cache sync 62 at Tue May 26 04:02:18 UTC 2026
Cache sync 63 at Tue May 26 04:02:18 UTC 2026
Cache sync 64 at Tue May 26 04:02:18 UTC 2026
Cache sync 65 at Tue May 26 04:02:18 UTC 2026
Cache sync 66 at Tue May 26 04:02:18 UTC 2026
Cache sync 67 at Tue May 26 04:02:18 UTC 2026
Cache sync 68 at Tue May 26 04:02:18 UTC 2026
Cache sync 69 at Tue May 26 04:02:18 UTC 2026
Cache sync 70 at Tue May 26 04:02:18 UTC 2026
Cache sync 71 at Tue May 26 04:02:18 UTC 2026
Cache sync 72 at Tue May 26 04:02:18 UTC 2026
Cache sync 1 at Wed May 27 04:16:14 UTC 2026
Cache sync 2 at Wed May 27 04:16:14 UTC 2026
Cache sync 3 at Wed May 27 04:16:14 UTC 2026
Cache sync 4 at Wed May 27 04:16:14 UTC 2026
Cache sync 5 at Wed May 27 04:16:14 UTC 2026
Cache sync 6 at Wed May 27 04:16:14 UTC 2026
Cache sync 7 at Wed May 27 04:16:14 UTC 2026
Cache sync 8 at Wed May 27 04:16:14 UTC 2026
Cache sync 9 at Wed May 27 04:16:14 UTC 2026
Cache sync 10 at Wed May 27 04:16:14 UTC 2026
Cache sync 11 at Wed May 27 04:16:14 UTC 2026
Cache sync 12 at Wed May 27 04:16:14 UTC 2026
Cache sync 13 at Wed May 27 04:16:14 UTC 2026
Cache sync 14 at Wed May 27 04:16:14 UTC 2026
Cache sync 15 at Wed May 27 04:16:14 UTC 2026
Cache sync 16 at Wed May 27 04:16:14 UTC 2026
Cache sync 17 at Wed May 27 04:16:14 UTC 2026
Cache sync 18 at Wed May 27 04:16:14 UTC 2026
Cache sync 19 at Wed May 27 04:16:14 UTC 2026
Cache sync 20 at Wed May 27 04:16:14 UTC 2026
Cache sync 21 at Wed May 27 04:16:14 UTC 2026
Cache sync 22 at Wed May 27 04:16:14 UTC 2026
Cache sync 23 at Wed May 27 04:16:14 UTC 2026
Cache sync 24 at Wed May 27 04:16:14 UTC 2026
Cache sync 25 at Wed May 27 04:16:14 UTC 2026
Cache sync 26 at Wed May 27 04:16:14 UTC 2026
Cache sync 27 at Wed May 27 04:16:14 UTC 2026
Cache sync 28 at Wed May 27 04:16:14 UTC 2026
Cache sync 29 at Wed May 27 04:16:14 UTC 2026
Cache sync 30 at Wed May 27 04:16:14 UTC 2026
Cache sync 31 at Wed May 27 04:16:14 UTC 2026
Cache sync 32 at Wed May 27 04:16:14 UTC 2026
Cache sync 33 at Wed May 27 04:16:14 UTC 2026
Cache sync 34 at Wed May 27 04:16:14 UTC 2026
Cache sync 35 at Wed May 27 04:16:14 UTC 2026
Cache sync 36 at Wed May 27 04:16:14 UTC 2026
Cache sync 37 at Wed May 27 04:16:14 UTC 2026
Cache sync 38 at Wed May 27 04:16:14 UTC 2026
Cache sync 39 at Wed May 27 04:16:14 UTC 2026
Cache sync 40 at Wed May 27 04:16:14 UTC 2026
Cache sync 41 at Wed May 27 04:16:14 UTC 2026
Cache sync 42 at Wed May 27 04:16:14 UTC 2026
Cache sync 43 at Wed May 27 04:16:14 UTC 2026
Cache sync 44 at Wed May 27 04:16:14 UTC 2026
Cache sync 45 at Wed May 27 04:16:14 UTC 2026
Cache sync 46 at Wed May 27 04:16:14 UTC 2026
Cache sync 47 at Wed May 27 04:16:14 UTC 2026
Cache sync 1 at Wed May 27 15:56:54 UTC 2026
Cache sync 2 at Wed May 27 15:56:54 UTC 2026
Cache sync 3 at Wed May 27 15:56:54 UTC 2026
Cache sync 4 at Wed May 27 15:56:54 UTC 2026
Cache sync 5 at Wed May 27 15:56:54 UTC 2026
Cache sync 6 at Wed May 27 15:56:54 UTC 2026
Cache sync 7 at Wed May 27 15:56:54 UTC 2026
Cache sync 8 at Wed May 27 15:56:54 UTC 2026
Cache sync 9 at Wed May 27 15:56:54 UTC 2026
Cache sync 10 at Wed May 27 15:56:54 UTC 2026
Cache sync 1 at Thu May 28 04:04:44 UTC 2026
Cache sync 2 at Thu May 28 04:04:44 UTC 2026
Cache sync 3 at Thu May 28 04:04:44 UTC 2026
Cache sync 4 at Thu May 28 04:04:44 UTC 2026
Cache sync 5 at Thu May 28 04:04:44 UTC 2026
Cache sync 6 at Thu May 28 04:04:44 UTC 2026
Cache sync 7 at Thu May 28 04:04:44 UTC 2026
Cache sync 8 at Thu May 28 04:04:44 UTC 2026
Cache sync 9 at Thu May 28 04:04:44 UTC 2026
Cache sync 10 at Thu May 28 04:04:44 UTC 2026
Cache sync 11 at Thu May 28 04:04:44 UTC 2026
Cache sync 12 at Thu May 28 04:04:44 UTC 2026
Cache sync 13 at Thu May 28 04:04:44 UTC 2026
Cache sync 14 at Thu May 28 04:04:44 UTC 2026
Cache sync 15 at Thu May 28 04:04:44 UTC 2026
Cache sync 16 at Thu May 28 04:04:44 UTC 2026
Cache sync 17 at Thu May 28 04:04:44 UTC 2026
Cache sync 18 at Thu May 28 04:04:44 UTC 2026
Cache sync 19 at Thu May 28 04:04:44 UTC 2026
Cache sync 20 at Thu May 28 04:04:44 UTC 2026
Cache sync 21 at Thu May 28 04:04:44 UTC 2026
Cache sync 22 at Thu May 28 04:04:44 UTC 2026
Cache sync 23 at Thu May 28 04:04:44 UTC 2026
Cache sync 24 at Thu May 28 04:04:44 UTC 2026
Cache sync 25 at Thu May 28 04:04:44 UTC 2026
Cache sync 26 at Thu May 28 04:04:44 UTC 2026
Cache sync 27 at Thu May 28 04:04:44 UTC 2026
Cache sync 28 at Thu May 28 04:04:44 UTC 2026
Cache sync 29 at Thu May 28 04:04:44 UTC 2026
Cache sync 30 at Thu May 28 04:04:44 UTC 2026
Cache sync 31 at Thu May 28 04:04:44 UTC 2026
Cache sync 32 at Thu May 28 04:04:44 UTC 2026
Cache sync 33 at Thu May 28 04:04:44 UTC 2026
Cache sync 34 at Thu May 28 04:04:44 UTC 2026
Cache sync 35 at Thu May 28 04:04:44 UTC 2026
Cache sync 36 at Thu May 28 04:04:44 UTC 2026
Cache sync 37 at Thu May 28 04:04:44 UTC 2026
Cache sync 38 at Thu May 28 04:04:44 UTC 2026
Cache sync 39 at Thu May 28 04:04:44 UTC 2026
Cache sync 40 at Thu May 28 04:04:44 UTC 2026
Cache sync 41 at Thu May 28 04:04:44 UTC 2026
Cache sync 42 at Thu May 28 04:04:44 UTC 2026
Cache sync 43 at Thu May 28 04:04:44 UTC 2026
Cache sync 44 at Thu May 28 04:04:44 UTC 2026
Cache sync 45 at Thu May 28 04:04:44 UTC 2026
Cache sync 46 at Thu May 28 04:04:44 UTC 2026
Cache sync 47 at Thu May 28 04:04:44 UTC 2026
Cache sync 48 at Thu May 28 04:04:44 UTC 2026
Cache sync 49 at Thu May 28 04:04:44 UTC 2026
Cache sync 50 at Thu May 28 04:04:44 UTC 2026
Cache sync 51 at Thu May 28 04:04:44 UTC 2026
Cache sync 52 at Thu May 28 04:04:44 UTC 2026
Cache sync 53 at Thu May 28 04:04:44 UTC 2026
Cache sync 54 at Thu May 28 04:04:44 UTC 2026
Cache sync 55 at Thu May 28 04:04:45 UTC 2026
Cache sync 56 at Thu May 28 04:04:45 UTC 2026
Cache sync 57 at Thu May 28 04:04:45 UTC 2026
Cache sync 58 at Thu May 28 04:04:45 UTC 2026
Cache sync 59 at Thu May 28 04:04:45 UTC 2026
Cache sync 60 at Thu May 28 04:04:45 UTC 2026
Cache sync 61 at Thu May 28 04:04:45 UTC 2026
Cache sync 62 at Thu May 28 04:04:45 UTC 2026
Cache sync 63 at Thu May 28 04:04:45 UTC 2026
Cache sync 64 at Thu May 28 04:04:45 UTC 2026
Cache sync 65 at Thu May 28 04:04:45 UTC 2026
Cache sync 66 at Thu May 28 04:04:45 UTC 2026
Cache sync 67 at Thu May 28 04:04:45 UTC 2026
Cache sync 68 at Thu May 28 04:04:45 UTC 2026
Cache sync 69 at Thu May 28 04:04:45 UTC 2026
Cache sync 70 at Thu May 28 04:04:45 UTC 2026
Cache sync 71 at Thu May 28 04:04:45 UTC 2026
Cache sync 72 at Thu May 28 04:04:45 UTC 2026
Cache sync 73 at Thu May 28 04:04:45 UTC 2026
Cache sync 74 at Thu May 28 04:04:45 UTC 2026
Cache sync 75 at Thu May 28 04:04:45 UTC 2026
Cache sync 76 at Thu May 28 04:04:45 UTC 2026
Cache sync 77 at Thu May 28 04:04:45 UTC 2026
Cache sync 78 at Thu May 28 04:04:45 UTC 2026
Cache sync 79 at Thu May 28 04:04:45 UTC 2026
Cache sync 80 at Thu May 28 04:04:45 UTC 2026
Cache sync 81 at Thu May 28 04:04:45 UTC 2026
Cache sync 1 at Thu May 28 16:10:58 UTC 2026
Cache sync 2 at Thu May 28 16:10:58 UTC 2026
Cache sync 3 at Thu May 28 16:10:58 UTC 2026
Cache sync 4 at Thu May 28 16:10:58 UTC 2026
Cache sync 5 at Thu May 28 16:10:58 UTC 2026
Cache sync 6 at Thu May 28 16:10:58 UTC 2026
Cache sync 7 at Thu May 28 16:10:58 UTC 2026
Cache sync 8 at Thu May 28 16:10:58 UTC 2026
Cache sync 9 at Thu May 28 16:10:58 UTC 2026
Cache sync 10 at Thu May 28 16:10:58 UTC 2026
Cache sync 11 at Thu May 28 16:10:58 UTC 2026
Cache sync 12 at Thu May 28 16:10:58 UTC 2026
Cache sync 13 at Thu May 28 16:10:58 UTC 2026
Cache sync 14 at Thu May 28 16:10:58 UTC 2026
Cache sync 15 at Thu May 28 16:10:58 UTC 2026
Cache sync 16 at Thu May 28 16:10:58 UTC 2026
Cache sync 17 at Thu May 28 16:10:58 UTC 2026
Cache sync 18 at Thu May 28 16:10:58 UTC 2026
Cache sync 19 at Thu May 28 16:10:58 UTC 2026
Cache sync 20 at Thu May 28 16:10:58 UTC 2026
Cache sync 21 at Thu May 28 16:10:58 UTC 2026
Cache sync 22 at Thu May 28 16:10:58 UTC 2026
Cache sync 23 at Thu May 28 16:10:58 UTC 2026
Cache sync 24 at Thu May 28 16:10:58 UTC 2026
Cache sync 25 at Thu May 28 16:10:58 UTC 2026
Cache sync 26 at Thu May 28 16:10:58 UTC 2026
Cache sync 27 at Thu May 28 16:10:58 UTC 2026
Cache sync 28 at Thu May 28 16:10:58 UTC 2026
Cache sync 29 at Thu May 28 16:10:58 UTC 2026
Cache sync 30 at Thu May 28 16:10:58 UTC 2026
Cache sync 31 at Thu May 28 16:10:58 UTC 2026
Cache sync 32 at Thu May 28 16:10:58 UTC 2026
Cache sync 33 at Thu May 28 16:10:58 UTC 2026
Cache sync 34 at Thu May 28 16:10:58 UTC 2026
Cache sync 35 at Thu May 28 16:10:58 UTC 2026
Cache sync 36 at Thu May 28 16:10:58 UTC 2026
Cache sync 37 at Thu May 28 16:10:58 UTC 2026
Cache sync 38 at Thu May 28 16:10:58 UTC 2026
Cache sync 39 at Thu May 28 16:10:58 UTC 2026
Cache sync 40 at Thu May 28 16:10:58 UTC 2026
Cache sync 41 at Thu May 28 16:10:58 UTC 2026
Cache sync 42 at Thu May 28 16:10:58 UTC 2026
Cache sync 43 at Thu May 28 16:10:58 UTC 2026
Cache sync 44 at Thu May 28 16:10:58 UTC 2026
Cache sync 45 at Thu May 28 16:10:58 UTC 2026
Cache sync 46 at Thu May 28 16:10:58 UTC 2026
Cache sync 47 at Thu May 28 16:10:58 UTC 2026
Cache sync 48 at Thu May 28 16:10:58 UTC 2026
Cache sync 49 at Thu May 28 16:10:58 UTC 2026
Cache sync 50 at Thu May 28 16:10:58 UTC 2026
Cache sync 51 at Thu May 28 16:10:58 UTC 2026
Cache sync 52 at Thu May 28 16:10:58 UTC 2026
Cache sync 53 at Thu May 28 16:10:58 UTC 2026
Cache sync 54 at Thu May 28 16:10:58 UTC 2026
Cache sync 55 at Thu May 28 16:10:58 UTC 2026
Cache sync 56 at Thu May 28 16:10:58 UTC 2026
Cache sync 57 at Thu May 28 16:10:58 UTC 2026
Cache sync 58 at Thu May 28 16:10:58 UTC 2026
Cache sync 59 at Thu May 28 16:10:58 UTC 2026
Cache sync 60 at Thu May 28 16:10:58 UTC 2026
Cache sync 61 at Thu May 28 16:10:58 UTC 2026
Cache sync 62 at Thu May 28 16:10:58 UTC 2026
Cache sync 63 at Thu May 28 16:10:58 UTC 2026
Cache sync 64 at Thu May 28 16:10:58 UTC 2026
Cache sync 65 at Thu May 28 16:10:58 UTC 2026
Cache sync 66 at Thu May 28 16:10:58 UTC 2026
Cache sync 67 at Thu May 28 16:10:59 UTC 2026
Cache sync 68 at Thu May 28 16:10:59 UTC 2026
Cache sync 69 at Thu May 28 16:10:59 UTC 2026
Cache sync 70 at Thu May 28 16:10:59 UTC 2026
Cache sync 71 at Thu May 28 16:10:59 UTC 2026
Cache sync 72 at Thu May 28 16:10:59 UTC 2026
Cache sync 73 at Thu May 28 16:10:59 UTC 2026
Cache sync 74 at Thu May 28 16:10:59 UTC 2026
Cache sync 75 at Thu May 28 16:10:59 UTC 2026
Cache sync 1 at Fri May 29 04:06:45 UTC 2026
Cache sync 2 at Fri May 29 04:06:45 UTC 2026
Cache sync 3 at Fri May 29 04:06:45 UTC 2026
Cache sync 4 at Fri May 29 04:06:45 UTC 2026
Cache sync 5 at Fri May 29 04:06:45 UTC 2026
Cache sync 6 at Fri May 29 04:06:45 UTC 2026
Cache sync 7 at Fri May 29 04:06:45 UTC 2026
Cache sync 8 at Fri May 29 04:06:45 UTC 2026
Cache sync 9 at Fri May 29 04:06:45 UTC 2026
Cache sync 10 at Fri May 29 04:06:45 UTC 2026
Cache sync 11 at Fri May 29 04:06:45 UTC 2026
Cache sync 12 at Fri May 29 04:06:45 UTC 2026
Cache sync 13 at Fri May 29 04:06:45 UTC 2026
Cache sync 14 at Fri May 29 04:06:45 UTC 2026
Cache sync 15 at Fri May 29 04:06:45 UTC 2026
Cache sync 16 at Fri May 29 04:06:45 UTC 2026
Cache sync 17 at Fri May 29 04:06:45 UTC 2026
Cache sync 18 at Fri May 29 04:06:45 UTC 2026
Cache sync 19 at Fri May 29 04:06:45 UTC 2026
Cache sync 20 at Fri May 29 04:06:45 UTC 2026
Cache sync 21 at Fri May 29 04:06:45 UTC 2026
Cache sync 22 at Fri May 29 04:06:46 UTC 2026
Cache sync 23 at Fri May 29 04:06:46 UTC 2026
Cache sync 24 at Fri May 29 04:06:46 UTC 2026
Cache sync 25 at Fri May 29 04:06:46 UTC 2026
Cache sync 26 at Fri May 29 04:06:46 UTC 2026
Cache sync 27 at Fri May 29 04:06:46 UTC 2026
Cache sync 28 at Fri May 29 04:06:46 UTC 2026
Cache sync 29 at Fri May 29 04:06:46 UTC 2026
Cache sync 30 at Fri May 29 04:06:46 UTC 2026
Cache sync 31 at Fri May 29 04:06:46 UTC 2026
Cache sync 32 at Fri May 29 04:06:46 UTC 2026
Cache sync 33 at Fri May 29 04:06:46 UTC 2026
Cache sync 34 at Fri May 29 04:06:46 UTC 2026
Cache sync 35 at Fri May 29 04:06:46 UTC 2026
Cache sync 36 at Fri May 29 04:06:46 UTC 2026
Cache sync 37 at Fri May 29 04:06:46 UTC 2026
Cache sync 38 at Fri May 29 04:06:46 UTC 2026
Cache sync 39 at Fri May 29 04:06:46 UTC 2026
Cache sync 40 at Fri May 29 04:06:46 UTC 2026
Cache sync 41 at Fri May 29 04:06:46 UTC 2026
Cache sync 42 at Fri May 29 04:06:46 UTC 2026
Cache sync 43 at Fri May 29 04:06:46 UTC 2026
Cache sync 44 at Fri May 29 04:06:46 UTC 2026
Cache sync 45 at Fri May 29 04:06:46 UTC 2026
Cache sync 46 at Fri May 29 04:06:46 UTC 2026
Cache sync 47 at Fri May 29 04:06:46 UTC 2026
Cache sync 48 at Fri May 29 04:06:46 UTC 2026
Cache sync 49 at Fri May 29 04:06:46 UTC 2026
Cache sync 50 at Fri May 29 04:06:46 UTC 2026
Cache sync 51 at Fri May 29 04:06:46 UTC 2026
Cache sync 52 at Fri May 29 04:06:46 UTC 2026
Cache sync 53 at Fri May 29 04:06:46 UTC 2026
Cache sync 54 at Fri May 29 04:06:46 UTC 2026
Cache sync 55 at Fri May 29 04:06:46 UTC 2026
Cache sync 56 at Fri May 29 04:06:46 UTC 2026
Cache sync 57 at Fri May 29 04:06:46 UTC 2026
Cache sync 58 at Fri May 29 04:06:46 UTC 2026
Cache sync 59 at Fri May 29 04:06:46 UTC 2026
Cache sync 60 at Fri May 29 04:06:46 UTC 2026
Cache sync 61 at Fri May 29 04:06:46 UTC 2026
Cache sync 62 at Fri May 29 04:06:46 UTC 2026
Cache sync 63 at Fri May 29 04:06:46 UTC 2026
Cache sync 64 at Fri May 29 04:06:46 UTC 2026
Cache sync 65 at Fri May 29 04:06:46 UTC 2026
Cache sync 66 at Fri May 29 04:06:46 UTC 2026
Cache sync 67 at Fri May 29 04:06:46 UTC 2026
Cache sync 68 at Fri May 29 04:06:46 UTC 2026
Cache sync 69 at Fri May 29 04:06:46 UTC 2026
Cache sync 70 at Fri May 29 04:06:46 UTC 2026
Cache sync 1 at Fri May 29 15:52:33 UTC 2026
Cache sync 2 at Fri May 29 15:52:33 UTC 2026
Cache sync 3 at Fri May 29 15:52:33 UTC 2026
Cache sync 4 at Fri May 29 15:52:33 UTC 2026
Cache sync 5 at Fri May 29 15:52:33 UTC 2026
Cache sync 6 at Fri May 29 15:52:33 UTC 2026
Cache sync 1 at Sat May 30 03:53:23 UTC 2026
Cache sync 2 at Sat May 30 03:53:23 UTC 2026
Cache sync 3 at Sat May 30 03:53:23 UTC 2026
Cache sync 4 at Sat May 30 03:53:23 UTC 2026
Cache sync 5 at Sat May 30 03:53:23 UTC 2026
Cache sync 6 at Sat May 30 03:53:23 UTC 2026
Cache sync 7 at Sat May 30 03:53:23 UTC 2026
Cache sync 1 at Sat May 30 13:49:42 UTC 2026
Cache sync 2 at Sat May 30 13:49:42 UTC 2026
Cache sync 3 at Sat May 30 13:49:42 UTC 2026
Cache sync 4 at Sat May 30 13:49:42 UTC 2026
Cache sync 5 at Sat May 30 13:49:42 UTC 2026
Cache sync 6 at Sat May 30 13:49:42 UTC 2026
Cache sync 7 at Sat May 30 13:49:42 UTC 2026
Cache sync 8 at Sat May 30 13:49:42 UTC 2026
Cache sync 9 at Sat May 30 13:49:42 UTC 2026
Cache sync 10 at Sat May 30 13:49:42 UTC 2026
Cache sync 11 at Sat May 30 13:49:42 UTC 2026
Cache sync 12 at Sat May 30 13:49:42 UTC 2026
Cache sync 13 at Sat May 30 13:49:42 UTC 2026
Cache sync 14 at Sat May 30 13:49:42 UTC 2026
Cache sync 15 at Sat May 30 13:49:42 UTC 2026
Cache sync 16 at Sat May 30 13:49:42 UTC 2026
Cache sync 17 at Sat May 30 13:49:42 UTC 2026
Cache sync 18 at Sat May 30 13:49:42 UTC 2026
Cache sync 19 at Sat May 30 13:49:42 UTC 2026
Cache sync 20 at Sat May 30 13:49:42 UTC 2026
Cache sync 21 at Sat May 30 13:49:42 UTC 2026
Cache sync 22 at Sat May 30 13:49:42 UTC 2026
Cache sync 23 at Sat May 30 13:49:42 UTC 2026
Cache sync 24 at Sat May 30 13:49:42 UTC 2026
Cache sync 25 at Sat May 30 13:49:42 UTC 2026
Cache sync 26 at Sat May 30 13:49:42 UTC 2026
Cache sync 27 at Sat May 30 13:49:42 UTC 2026
Cache sync 28 at Sat May 30 13:49:42 UTC 2026
Cache sync 29 at Sat May 30 13:49:42 UTC 2026
Cache sync 30 at Sat May 30 13:49:42 UTC 2026
Cache sync 31 at Sat May 30 13:49:42 UTC 2026
Cache sync 32 at Sat May 30 13:49:42 UTC 2026
Cache sync 33 at Sat May 30 13:49:42 UTC 2026
Cache sync 34 at Sat May 30 13:49:42 UTC 2026
Cache sync 35 at Sat May 30 13:49:42 UTC 2026
Cache sync 36 at Sat May 30 13:49:42 UTC 2026
Cache sync 37 at Sat May 30 13:49:42 UTC 2026
Cache sync 38 at Sat May 30 13:49:42 UTC 2026
Cache sync 39 at Sat May 30 13:49:42 UTC 2026
Cache sync 40 at Sat May 30 13:49:42 UTC 2026
Cache sync 41 at Sat May 30 13:49:42 UTC 2026
Cache sync 42 at Sat May 30 13:49:42 UTC 2026
Cache sync 43 at Sat May 30 13:49:42 UTC 2026
Cache sync 44 at Sat May 30 13:49:42 UTC 2026
Cache sync 45 at Sat May 30 13:49:42 UTC 2026
Cache sync 46 at Sat May 30 13:49:42 UTC 2026
Cache sync 47 at Sat May 30 13:49:42 UTC 2026
Cache sync 48 at Sat May 30 13:49:42 UTC 2026
Cache sync 49 at Sat May 30 13:49:42 UTC 2026
Cache sync 50 at Sat May 30 13:49:42 UTC 2026
Cache sync 51 at Sat May 30 13:49:42 UTC 2026
Cache sync 52 at Sat May 30 13:49:42 UTC 2026
Cache sync 53 at Sat May 30 13:49:42 UTC 2026
Cache sync 54 at Sat May 30 13:49:42 UTC 2026
Cache sync 55 at Sat May 30 13:49:42 UTC 2026
Cache sync 1 at Sun May 31 04:18:18 UTC 2026
Cache sync 2 at Sun May 31 04:18:18 UTC 2026
Cache sync 3 at Sun May 31 04:18:18 UTC 2026
Cache sync 4 at Sun May 31 04:18:18 UTC 2026
Cache sync 5 at Sun May 31 04:18:18 UTC 2026
Cache sync 6 at Sun May 31 04:18:18 UTC 2026
Cache sync 7 at Sun May 31 04:18:18 UTC 2026
Cache sync 8 at Sun May 31 04:18:18 UTC 2026
Cache sync 9 at Sun May 31 04:18:18 UTC 2026
Cache sync 10 at Sun May 31 04:18:18 UTC 2026
Cache sync 11 at Sun May 31 04:18:18 UTC 2026
Cache sync 12 at Sun May 31 04:18:18 UTC 2026
Cache sync 13 at Sun May 31 04:18:18 UTC 2026
Cache sync 14 at Sun May 31 04:18:18 UTC 2026
Cache sync 15 at Sun May 31 04:18:18 UTC 2026
Cache sync 16 at Sun May 31 04:18:18 UTC 2026
Cache sync 17 at Sun May 31 04:18:18 UTC 2026
Cache sync 18 at Sun May 31 04:18:18 UTC 2026
Cache sync 19 at Sun May 31 04:18:18 UTC 2026
Cache sync 20 at Sun May 31 04:18:18 UTC 2026
Cache sync 21 at Sun May 31 04:18:18 UTC 2026
Cache sync 22 at Sun May 31 04:18:18 UTC 2026
Cache sync 23 at Sun May 31 04:18:18 UTC 2026
Cache sync 24 at Sun May 31 04:18:18 UTC 2026
Cache sync 25 at Sun May 31 04:18:18 UTC 2026
Cache sync 26 at Sun May 31 04:18:18 UTC 2026
Cache sync 27 at Sun May 31 04:18:18 UTC 2026
Cache sync 28 at Sun May 31 04:18:18 UTC 2026
Cache sync 29 at Sun May 31 04:18:18 UTC 2026
Cache sync 30 at Sun May 31 04:18:18 UTC 2026
Cache sync 31 at Sun May 31 04:18:18 UTC 2026
Cache sync 32 at Sun May 31 04:18:18 UTC 2026
Cache sync 33 at Sun May 31 04:18:18 UTC 2026
Cache sync 34 at Sun May 31 04:18:18 UTC 2026
Cache sync 35 at Sun May 31 04:18:18 UTC 2026
Cache sync 36 at Sun May 31 04:18:18 UTC 2026
Cache sync 37 at Sun May 31 04:18:18 UTC 2026
Cache sync 38 at Sun May 31 04:18:18 UTC 2026
Cache sync 39 at Sun May 31 04:18:18 UTC 2026
Cache sync 40 at Sun May 31 04:18:18 UTC 2026
Cache sync 41 at Sun May 31 04:18:18 UTC 2026
Cache sync 42 at Sun May 31 04:18:18 UTC 2026
Cache sync 43 at Sun May 31 04:18:18 UTC 2026
Cache sync 44 at Sun May 31 04:18:18 UTC 2026
Cache sync 45 at Sun May 31 04:18:19 UTC 2026
Cache sync 46 at Sun May 31 04:18:19 UTC 2026
Cache sync 47 at Sun May 31 04:18:19 UTC 2026
Cache sync 48 at Sun May 31 04:18:19 UTC 2026
Cache sync 49 at Sun May 31 04:18:19 UTC 2026
Cache sync 50 at Sun May 31 04:18:19 UTC 2026
Cache sync 51 at Sun May 31 04:18:19 UTC 2026
Cache sync 52 at Sun May 31 04:18:19 UTC 2026
Cache sync 53 at Sun May 31 04:18:19 UTC 2026
Cache sync 54 at Sun May 31 04:18:19 UTC 2026
Cache sync 55 at Sun May 31 04:18:19 UTC 2026
Cache sync 56 at Sun May 31 04:18:19 UTC 2026
Cache sync 57 at Sun May 31 04:18:19 UTC 2026
Cache sync 58 at Sun May 31 04:18:19 UTC 2026
Cache sync 59 at Sun May 31 04:18:19 UTC 2026
Cache sync 60 at Sun May 31 04:18:19 UTC 2026
Cache sync 61 at Sun May 31 04:18:19 UTC 2026
Cache sync 62 at Sun May 31 04:18:19 UTC 2026
Cache sync 63 at Sun May 31 04:18:19 UTC 2026
Cache sync 64 at Sun May 31 04:18:19 UTC 2026
Cache sync 65 at Sun May 31 04:18:19 UTC 2026
Cache sync 66 at Sun May 31 04:18:19 UTC 2026
Cache sync 67 at Sun May 31 04:18:19 UTC 2026
Cache sync 68 at Sun May 31 04:18:19 UTC 2026
Cache sync 69 at Sun May 31 04:18:19 UTC 2026
Cache sync 70 at Sun May 31 04:18:19 UTC 2026
Cache sync 1 at Sun May 31 13:55:53 UTC 2026
Cache sync 2 at Sun May 31 13:55:53 UTC 2026
Cache sync 3 at Sun May 31 13:55:53 UTC 2026
Cache sync 4 at Sun May 31 13:55:53 UTC 2026
Cache sync 5 at Sun May 31 13:55:53 UTC 2026
Cache sync 6 at Sun May 31 13:55:53 UTC 2026
Cache sync 7 at Sun May 31 13:55:53 UTC 2026
Cache sync 8 at Sun May 31 13:55:53 UTC 2026
Cache sync 9 at Sun May 31 13:55:53 UTC 2026
Cache sync 10 at Sun May 31 13:55:53 UTC 2026
Cache sync 11 at Sun May 31 13:55:53 UTC 2026
Cache sync 12 at Sun May 31 13:55:53 UTC 2026
Cache sync 13 at Sun May 31 13:55:53 UTC 2026
Cache sync 14 at Sun May 31 13:55:53 UTC 2026
Cache sync 15 at Sun May 31 13:55:53 UTC 2026
Cache sync 16 at Sun May 31 13:55:53 UTC 2026
Cache sync 17 at Sun May 31 13:55:53 UTC 2026
Cache sync 18 at Sun May 31 13:55:53 UTC 2026
Cache sync 19 at Sun May 31 13:55:53 UTC 2026
Cache sync 20 at Sun May 31 13:55:53 UTC 2026
Cache sync 21 at Sun May 31 13:55:53 UTC 2026
Cache sync 22 at Sun May 31 13:55:53 UTC 2026
Cache sync 23 at Sun May 31 13:55:53 UTC 2026
Cache sync 24 at Sun May 31 13:55:53 UTC 2026
Cache sync 25 at Sun May 31 13:55:53 UTC 2026
Cache sync 26 at Sun May 31 13:55:53 UTC 2026
Cache sync 27 at Sun May 31 13:55:53 UTC 2026
Cache sync 28 at Sun May 31 13:55:53 UTC 2026
Cache sync 29 at Sun May 31 13:55:53 UTC 2026
Cache sync 30 at Sun May 31 13:55:53 UTC 2026
Cache sync 31 at Sun May 31 13:55:53 UTC 2026
Cache sync 32 at Sun May 31 13:55:53 UTC 2026
Cache sync 33 at Sun May 31 13:55:53 UTC 2026
Cache sync 34 at Sun May 31 13:55:53 UTC 2026
Cache sync 35 at Sun May 31 13:55:53 UTC 2026
Cache sync 36 at Sun May 31 13:55:53 UTC 2026
Cache sync 37 at Sun May 31 13:55:53 UTC 2026
Cache sync 38 at Sun May 31 13:55:53 UTC 2026
Cache sync 39 at Sun May 31 13:55:53 UTC 2026
Cache sync 40 at Sun May 31 13:55:53 UTC 2026
Cache sync 41 at Sun May 31 13:55:53 UTC 2026
Cache sync 42 at Sun May 31 13:55:53 UTC 2026
Cache sync 43 at Sun May 31 13:55:53 UTC 2026
Cache sync 44 at Sun May 31 13:55:53 UTC 2026
Cache sync 45 at Sun May 31 13:55:53 UTC 2026
Cache sync 46 at Sun May 31 13:55:53 UTC 2026
Cache sync 47 at Sun May 31 13:55:53 UTC 2026
Cache sync 48 at Sun May 31 13:55:53 UTC 2026
Cache sync 49 at Sun May 31 13:55:53 UTC 2026
Cache sync 50 at Sun May 31 13:55:53 UTC 2026
Cache sync 51 at Sun May 31 13:55:53 UTC 2026
Cache sync 52 at Sun May 31 13:55:53 UTC 2026
Cache sync 53 at Sun May 31 13:55:53 UTC 2026
Cache sync 54 at Sun May 31 13:55:53 UTC 2026
Cache sync 55 at Sun May 31 13:55:53 UTC 2026
Cache sync 56 at Sun May 31 13:55:53 UTC 2026
Cache sync 57 at Sun May 31 13:55:53 UTC 2026
Cache sync 58 at Sun May 31 13:55:53 UTC 2026
Cache sync 59 at Sun May 31 13:55:53 UTC 2026
Cache sync 60 at Sun May 31 13:55:53 UTC 2026
Cache sync 61 at Sun May 31 13:55:53 UTC 2026
Cache sync 62 at Sun May 31 13:55:53 UTC 2026
Cache sync 63 at Sun May 31 13:55:53 UTC 2026
Cache sync 64 at Sun May 31 13:55:53 UTC 2026
Cache sync 65 at Sun May 31 13:55:53 UTC 2026
Cache sync 66 at Sun May 31 13:55:53 UTC 2026
Cache sync 67 at Sun May 31 13:55:53 UTC 2026
Cache sync 68 at Sun May 31 13:55:53 UTC 2026
Cache sync 69 at Sun May 31 13:55:53 UTC 2026
Cache sync 70 at Sun May 31 13:55:53 UTC 2026
Cache sync 71 at Sun May 31 13:55:53 UTC 2026
Cache sync 72 at Sun May 31 13:55:53 UTC 2026
Cache sync 73 at Sun May 31 13:55:53 UTC 2026
Cache sync 74 at Sun May 31 13:55:53 UTC 2026
Cache sync 75 at Sun May 31 13:55:53 UTC 2026
Cache sync 76 at Sun May 31 13:55:53 UTC 2026
Cache sync 77 at Sun May 31 13:55:53 UTC 2026
Cache sync 78 at Sun May 31 13:55:53 UTC 2026
Cache sync 79 at Sun May 31 13:55:53 UTC 2026
Cache sync 80 at Sun May 31 13:55:53 UTC 2026
Cache sync 81 at Sun May 31 13:55:53 UTC 2026
Cache sync 82 at Sun May 31 13:55:53 UTC 2026
Cache sync 83 at Sun May 31 13:55:54 UTC 2026
Cache sync 84 at Sun May 31 13:55:54 UTC 2026
Cache sync 85 at Sun May 31 13:55:54 UTC 2026
Cache sync 1 at Mon Jun  1 04:46:36 UTC 2026
Cache sync 2 at Mon Jun  1 04:46:36 UTC 2026
Cache sync 3 at Mon Jun  1 04:46:36 UTC 2026
Cache sync 4 at Mon Jun  1 04:46:37 UTC 2026
Cache sync 5 at Mon Jun  1 04:46:37 UTC 2026
Cache sync 6 at Mon Jun  1 04:46:37 UTC 2026
Cache sync 7 at Mon Jun  1 04:46:37 UTC 2026
Cache sync 8 at Mon Jun  1 04:46:37 UTC 2026
Cache sync 9 at Mon Jun  1 04:46:37 UTC 2026
Cache sync 10 at Mon Jun  1 04:46:37 UTC 2026
Cache sync 11 at Mon Jun  1 04:46:37 UTC 2026
Cache sync 12 at Mon Jun  1 04:46:37 UTC 2026
Cache sync 13 at Mon Jun  1 04:46:37 UTC 2026
Cache sync 14 at Mon Jun  1 04:46:37 UTC 2026
Cache sync 15 at Mon Jun  1 04:46:37 UTC 2026
Cache sync 16 at Mon Jun  1 04:46:37 UTC 2026
Cache sync 17 at Mon Jun  1 04:46:37 UTC 2026
Cache sync 18 at Mon Jun  1 04:46:37 UTC 2026
Cache sync 19 at Mon Jun  1 04:46:37 UTC 2026
Cache sync 20 at Mon Jun  1 04:46:37 UTC 2026
Cache sync 21 at Mon Jun  1 04:46:37 UTC 2026
Cache sync 22 at Mon Jun  1 04:46:37 UTC 2026
Cache sync 23 at Mon Jun  1 04:46:37 UTC 2026
Cache sync 24 at Mon Jun  1 04:46:37 UTC 2026
Cache sync 25 at Mon Jun  1 04:46:37 UTC 2026
Cache sync 26 at Mon Jun  1 04:46:37 UTC 2026
Cache sync 27 at Mon Jun  1 04:46:37 UTC 2026
Cache sync 28 at Mon Jun  1 04:46:37 UTC 2026
Cache sync 29 at Mon Jun  1 04:46:37 UTC 2026
Cache sync 30 at Mon Jun  1 04:46:37 UTC 2026
Cache sync 31 at Mon Jun  1 04:46:37 UTC 2026
Cache sync 32 at Mon Jun  1 04:46:37 UTC 2026
Cache sync 33 at Mon Jun  1 04:46:37 UTC 2026
Cache sync 34 at Mon Jun  1 04:46:37 UTC 2026
Cache sync 35 at Mon Jun  1 04:46:37 UTC 2026
Cache sync 36 at Mon Jun  1 04:46:37 UTC 2026
Cache sync 37 at Mon Jun  1 04:46:37 UTC 2026
Cache sync 38 at Mon Jun  1 04:46:37 UTC 2026
Cache sync 39 at Mon Jun  1 04:46:37 UTC 2026
Cache sync 40 at Mon Jun  1 04:46:37 UTC 2026
Cache sync 41 at Mon Jun  1 04:46:37 UTC 2026
Cache sync 42 at Mon Jun  1 04:46:37 UTC 2026
Cache sync 43 at Mon Jun  1 04:46:37 UTC 2026
Cache sync 44 at Mon Jun  1 04:46:37 UTC 2026
Cache sync 45 at Mon Jun  1 04:46:37 UTC 2026
Cache sync 46 at Mon Jun  1 04:46:37 UTC 2026
Cache sync 47 at Mon Jun  1 04:46:37 UTC 2026
Cache sync 48 at Mon Jun  1 04:46:37 UTC 2026
Cache sync 49 at Mon Jun  1 04:46:37 UTC 2026
Cache sync 50 at Mon Jun  1 04:46:37 UTC 2026
Cache sync 1 at Mon Jun  1 17:51:06 UTC 2026
Cache sync 2 at Mon Jun  1 17:51:06 UTC 2026
Cache sync 3 at Mon Jun  1 17:51:06 UTC 2026
Cache sync 4 at Mon Jun  1 17:51:06 UTC 2026
Cache sync 5 at Mon Jun  1 17:51:06 UTC 2026
Cache sync 6 at Mon Jun  1 17:51:06 UTC 2026
Cache sync 7 at Mon Jun  1 17:51:06 UTC 2026
Cache sync 8 at Mon Jun  1 17:51:06 UTC 2026
Cache sync 9 at Mon Jun  1 17:51:06 UTC 2026
Cache sync 10 at Mon Jun  1 17:51:06 UTC 2026
Cache sync 11 at Mon Jun  1 17:51:06 UTC 2026
Cache sync 12 at Mon Jun  1 17:51:06 UTC 2026
Cache sync 13 at Mon Jun  1 17:51:06 UTC 2026
Cache sync 14 at Mon Jun  1 17:51:06 UTC 2026
Cache sync 15 at Mon Jun  1 17:51:06 UTC 2026
Cache sync 16 at Mon Jun  1 17:51:06 UTC 2026
Cache sync 17 at Mon Jun  1 17:51:06 UTC 2026
Cache sync 18 at Mon Jun  1 17:51:06 UTC 2026
Cache sync 19 at Mon Jun  1 17:51:06 UTC 2026
Cache sync 20 at Mon Jun  1 17:51:06 UTC 2026
Cache sync 21 at Mon Jun  1 17:51:06 UTC 2026
Cache sync 22 at Mon Jun  1 17:51:06 UTC 2026
Cache sync 23 at Mon Jun  1 17:51:06 UTC 2026
Cache sync 24 at Mon Jun  1 17:51:06 UTC 2026
Cache sync 25 at Mon Jun  1 17:51:06 UTC 2026
Cache sync 26 at Mon Jun  1 17:51:06 UTC 2026
Cache sync 27 at Mon Jun  1 17:51:06 UTC 2026
Cache sync 28 at Mon Jun  1 17:51:06 UTC 2026
Cache sync 29 at Mon Jun  1 17:51:06 UTC 2026
Cache sync 30 at Mon Jun  1 17:51:06 UTC 2026
Cache sync 31 at Mon Jun  1 17:51:06 UTC 2026
Cache sync 32 at Mon Jun  1 17:51:06 UTC 2026
Cache sync 33 at Mon Jun  1 17:51:06 UTC 2026
Cache sync 34 at Mon Jun  1 17:51:06 UTC 2026
Cache sync 35 at Mon Jun  1 17:51:06 UTC 2026
Cache sync 36 at Mon Jun  1 17:51:06 UTC 2026
Cache sync 37 at Mon Jun  1 17:51:06 UTC 2026
Cache sync 38 at Mon Jun  1 17:51:06 UTC 2026
Cache sync 39 at Mon Jun  1 17:51:06 UTC 2026
Cache sync 1 at Tue Jun  2 04:26:07 UTC 2026
Cache sync 2 at Tue Jun  2 04:26:08 UTC 2026
Cache sync 3 at Tue Jun  2 04:26:08 UTC 2026
Cache sync 4 at Tue Jun  2 04:26:08 UTC 2026
Cache sync 5 at Tue Jun  2 04:26:08 UTC 2026
Cache sync 6 at Tue Jun  2 04:26:08 UTC 2026
Cache sync 7 at Tue Jun  2 04:26:08 UTC 2026
Cache sync 8 at Tue Jun  2 04:26:08 UTC 2026
Cache sync 9 at Tue Jun  2 04:26:08 UTC 2026
Cache sync 10 at Tue Jun  2 04:26:08 UTC 2026
Cache sync 11 at Tue Jun  2 04:26:08 UTC 2026
Cache sync 12 at Tue Jun  2 04:26:08 UTC 2026
Cache sync 13 at Tue Jun  2 04:26:08 UTC 2026
Cache sync 14 at Tue Jun  2 04:26:08 UTC 2026
Cache sync 15 at Tue Jun  2 04:26:08 UTC 2026
Cache sync 16 at Tue Jun  2 04:26:08 UTC 2026
Cache sync 17 at Tue Jun  2 04:26:08 UTC 2026
Cache sync 18 at Tue Jun  2 04:26:08 UTC 2026
Cache sync 19 at Tue Jun  2 04:26:08 UTC 2026
Cache sync 20 at Tue Jun  2 04:26:08 UTC 2026
Cache sync 21 at Tue Jun  2 04:26:08 UTC 2026
Cache sync 22 at Tue Jun  2 04:26:08 UTC 2026
Cache sync 23 at Tue Jun  2 04:26:08 UTC 2026
Cache sync 24 at Tue Jun  2 04:26:08 UTC 2026
Cache sync 25 at Tue Jun  2 04:26:08 UTC 2026
Cache sync 26 at Tue Jun  2 04:26:08 UTC 2026
Cache sync 27 at Tue Jun  2 04:26:08 UTC 2026
Cache sync 28 at Tue Jun  2 04:26:08 UTC 2026
Cache sync 29 at Tue Jun  2 04:26:08 UTC 2026
Cache sync 30 at Tue Jun  2 04:26:08 UTC 2026
Cache sync 31 at Tue Jun  2 04:26:08 UTC 2026
Cache sync 32 at Tue Jun  2 04:26:08 UTC 2026
Cache sync 33 at Tue Jun  2 04:26:08 UTC 2026
Cache sync 34 at Tue Jun  2 04:26:08 UTC 2026
Cache sync 35 at Tue Jun  2 04:26:08 UTC 2026
Cache sync 36 at Tue Jun  2 04:26:08 UTC 2026
Cache sync 37 at Tue Jun  2 04:26:08 UTC 2026
Cache sync 38 at Tue Jun  2 04:26:08 UTC 2026
Cache sync 39 at Tue Jun  2 04:26:08 UTC 2026
Cache sync 40 at Tue Jun  2 04:26:08 UTC 2026
Cache sync 41 at Tue Jun  2 04:26:08 UTC 2026
Cache sync 42 at Tue Jun  2 04:26:08 UTC 2026
Cache sync 43 at Tue Jun  2 04:26:08 UTC 2026
Cache sync 44 at Tue Jun  2 04:26:08 UTC 2026
Cache sync 45 at Tue Jun  2 04:26:08 UTC 2026
Cache sync 46 at Tue Jun  2 04:26:08 UTC 2026
Cache sync 47 at Tue Jun  2 04:26:08 UTC 2026
Cache sync 48 at Tue Jun  2 04:26:08 UTC 2026
Cache sync 49 at Tue Jun  2 04:26:08 UTC 2026
Cache sync 50 at Tue Jun  2 04:26:08 UTC 2026
Cache sync 51 at Tue Jun  2 04:26:08 UTC 2026
Cache sync 52 at Tue Jun  2 04:26:08 UTC 2026
Cache sync 53 at Tue Jun  2 04:26:08 UTC 2026
Cache sync 54 at Tue Jun  2 04:26:08 UTC 2026
Cache sync 55 at Tue Jun  2 04:26:08 UTC 2026
Cache sync 56 at Tue Jun  2 04:26:08 UTC 2026
Cache sync 57 at Tue Jun  2 04:26:08 UTC 2026
Cache sync 58 at Tue Jun  2 04:26:08 UTC 2026
Cache sync 59 at Tue Jun  2 04:26:08 UTC 2026
Cache sync 60 at Tue Jun  2 04:26:08 UTC 2026
Cache sync 61 at Tue Jun  2 04:26:08 UTC 2026
Cache sync 62 at Tue Jun  2 04:26:08 UTC 2026
Cache sync 63 at Tue Jun  2 04:26:08 UTC 2026
Cache sync 64 at Tue Jun  2 04:26:08 UTC 2026
Cache sync 65 at Tue Jun  2 04:26:08 UTC 2026
Cache sync 66 at Tue Jun  2 04:26:08 UTC 2026
Cache sync 67 at Tue Jun  2 04:26:08 UTC 2026
Cache sync 68 at Tue Jun  2 04:26:08 UTC 2026
Cache sync 69 at Tue Jun  2 04:26:08 UTC 2026
Cache sync 70 at Tue Jun  2 04:26:08 UTC 2026
Cache sync 71 at Tue Jun  2 04:26:08 UTC 2026
Cache sync 72 at Tue Jun  2 04:26:08 UTC 2026
Cache sync 73 at Tue Jun  2 04:26:08 UTC 2026
Cache sync 74 at Tue Jun  2 04:26:08 UTC 2026
Cache sync 75 at Tue Jun  2 04:26:08 UTC 2026
Cache sync 76 at Tue Jun  2 04:26:08 UTC 2026
Cache sync 77 at Tue Jun  2 04:26:08 UTC 2026
Cache sync 78 at Tue Jun  2 04:26:08 UTC 2026
Cache sync 79 at Tue Jun  2 04:26:08 UTC 2026
Cache sync 1 at Wed Jun  3 04:45:15 UTC 2026
Cache sync 2 at Wed Jun  3 04:45:15 UTC 2026
Cache sync 3 at Wed Jun  3 04:45:15 UTC 2026
Cache sync 4 at Wed Jun  3 04:45:15 UTC 2026
Cache sync 5 at Wed Jun  3 04:45:15 UTC 2026
Cache sync 6 at Wed Jun  3 04:45:15 UTC 2026
Cache sync 7 at Wed Jun  3 04:45:15 UTC 2026
Cache sync 8 at Wed Jun  3 04:45:15 UTC 2026
Cache sync 9 at Wed Jun  3 04:45:15 UTC 2026
Cache sync 10 at Wed Jun  3 04:45:15 UTC 2026
Cache sync 11 at Wed Jun  3 04:45:15 UTC 2026
Cache sync 12 at Wed Jun  3 04:45:15 UTC 2026
Cache sync 13 at Wed Jun  3 04:45:15 UTC 2026
Cache sync 14 at Wed Jun  3 04:45:15 UTC 2026
Cache sync 15 at Wed Jun  3 04:45:15 UTC 2026
Cache sync 16 at Wed Jun  3 04:45:15 UTC 2026
Cache sync 17 at Wed Jun  3 04:45:15 UTC 2026
Cache sync 18 at Wed Jun  3 04:45:15 UTC 2026
Cache sync 19 at Wed Jun  3 04:45:15 UTC 2026
Cache sync 20 at Wed Jun  3 04:45:15 UTC 2026
Cache sync 21 at Wed Jun  3 04:45:15 UTC 2026
Cache sync 22 at Wed Jun  3 04:45:15 UTC 2026
Cache sync 23 at Wed Jun  3 04:45:15 UTC 2026
Cache sync 24 at Wed Jun  3 04:45:15 UTC 2026
Cache sync 25 at Wed Jun  3 04:45:15 UTC 2026
Cache sync 26 at Wed Jun  3 04:45:15 UTC 2026
Cache sync 27 at Wed Jun  3 04:45:15 UTC 2026
Cache sync 28 at Wed Jun  3 04:45:15 UTC 2026
Cache sync 29 at Wed Jun  3 04:45:15 UTC 2026
Cache sync 30 at Wed Jun  3 04:45:15 UTC 2026
Cache sync 31 at Wed Jun  3 04:45:15 UTC 2026
Cache sync 32 at Wed Jun  3 04:45:15 UTC 2026
Cache sync 33 at Wed Jun  3 04:45:15 UTC 2026
Cache sync 34 at Wed Jun  3 04:45:15 UTC 2026
Cache sync 35 at Wed Jun  3 04:45:15 UTC 2026
Cache sync 36 at Wed Jun  3 04:45:15 UTC 2026
Cache sync 37 at Wed Jun  3 04:45:15 UTC 2026
Cache sync 38 at Wed Jun  3 04:45:15 UTC 2026
Cache sync 39 at Wed Jun  3 04:45:15 UTC 2026
Cache sync 40 at Wed Jun  3 04:45:15 UTC 2026
Cache sync 41 at Wed Jun  3 04:45:15 UTC 2026
Cache sync 42 at Wed Jun  3 04:45:15 UTC 2026
Cache sync 43 at Wed Jun  3 04:45:15 UTC 2026
Cache sync 44 at Wed Jun  3 04:45:15 UTC 2026
Cache sync 45 at Wed Jun  3 04:45:15 UTC 2026
Cache sync 1 at Wed Jun  3 16:59:28 UTC 2026
Cache sync 2 at Wed Jun  3 16:59:28 UTC 2026
Cache sync 3 at Wed Jun  3 16:59:28 UTC 2026
Cache sync 4 at Wed Jun  3 16:59:28 UTC 2026
Cache sync 5 at Wed Jun  3 16:59:28 UTC 2026
Cache sync 6 at Wed Jun  3 16:59:28 UTC 2026
Cache sync 7 at Wed Jun  3 16:59:28 UTC 2026
Cache sync 8 at Wed Jun  3 16:59:28 UTC 2026
Cache sync 9 at Wed Jun  3 16:59:28 UTC 2026
Cache sync 10 at Wed Jun  3 16:59:28 UTC 2026
Cache sync 11 at Wed Jun  3 16:59:28 UTC 2026
Cache sync 12 at Wed Jun  3 16:59:28 UTC 2026
Cache sync 13 at Wed Jun  3 16:59:28 UTC 2026
Cache sync 14 at Wed Jun  3 16:59:28 UTC 2026
Cache sync 15 at Wed Jun  3 16:59:28 UTC 2026
Cache sync 16 at Wed Jun  3 16:59:28 UTC 2026
Cache sync 17 at Wed Jun  3 16:59:28 UTC 2026
Cache sync 18 at Wed Jun  3 16:59:28 UTC 2026
Cache sync 19 at Wed Jun  3 16:59:28 UTC 2026
Cache sync 20 at Wed Jun  3 16:59:28 UTC 2026
Cache sync 21 at Wed Jun  3 16:59:28 UTC 2026
Cache sync 22 at Wed Jun  3 16:59:28 UTC 2026
Cache sync 23 at Wed Jun  3 16:59:28 UTC 2026
Cache sync 24 at Wed Jun  3 16:59:28 UTC 2026
Cache sync 25 at Wed Jun  3 16:59:28 UTC 2026
Cache sync 26 at Wed Jun  3 16:59:28 UTC 2026
Cache sync 27 at Wed Jun  3 16:59:28 UTC 2026
Cache sync 28 at Wed Jun  3 16:59:28 UTC 2026
Cache sync 29 at Wed Jun  3 16:59:28 UTC 2026
Cache sync 30 at Wed Jun  3 16:59:28 UTC 2026
Cache sync 31 at Wed Jun  3 16:59:28 UTC 2026
Cache sync 32 at Wed Jun  3 16:59:28 UTC 2026
Cache sync 33 at Wed Jun  3 16:59:28 UTC 2026
Cache sync 34 at Wed Jun  3 16:59:28 UTC 2026
Cache sync 35 at Wed Jun  3 16:59:28 UTC 2026
Cache sync 36 at Wed Jun  3 16:59:28 UTC 2026
Cache sync 37 at Wed Jun  3 16:59:28 UTC 2026
Cache sync 38 at Wed Jun  3 16:59:28 UTC 2026
Cache sync 39 at Wed Jun  3 16:59:28 UTC 2026
Cache sync 40 at Wed Jun  3 16:59:28 UTC 2026
Cache sync 41 at Wed Jun  3 16:59:28 UTC 2026
Cache sync 42 at Wed Jun  3 16:59:28 UTC 2026
Cache sync 43 at Wed Jun  3 16:59:28 UTC 2026
Cache sync 1 at Thu Jun  4 04:39:48 UTC 2026
Cache sync 2 at Thu Jun  4 04:39:48 UTC 2026
Cache sync 3 at Thu Jun  4 04:39:48 UTC 2026
Cache sync 4 at Thu Jun  4 04:39:48 UTC 2026
Cache sync 5 at Thu Jun  4 04:39:48 UTC 2026
Cache sync 6 at Thu Jun  4 04:39:48 UTC 2026
Cache sync 7 at Thu Jun  4 04:39:48 UTC 2026
Cache sync 8 at Thu Jun  4 04:39:48 UTC 2026
Cache sync 9 at Thu Jun  4 04:39:48 UTC 2026
Cache sync 10 at Thu Jun  4 04:39:48 UTC 2026
Cache sync 11 at Thu Jun  4 04:39:48 UTC 2026
Cache sync 12 at Thu Jun  4 04:39:48 UTC 2026
Cache sync 13 at Thu Jun  4 04:39:48 UTC 2026
Cache sync 14 at Thu Jun  4 04:39:48 UTC 2026
Cache sync 15 at Thu Jun  4 04:39:48 UTC 2026
Cache sync 16 at Thu Jun  4 04:39:48 UTC 2026
Cache sync 17 at Thu Jun  4 04:39:48 UTC 2026
Cache sync 18 at Thu Jun  4 04:39:48 UTC 2026
Cache sync 19 at Thu Jun  4 04:39:48 UTC 2026
Cache sync 20 at Thu Jun  4 04:39:48 UTC 2026
Cache sync 21 at Thu Jun  4 04:39:48 UTC 2026
Cache sync 22 at Thu Jun  4 04:39:48 UTC 2026
Cache sync 23 at Thu Jun  4 04:39:48 UTC 2026
Cache sync 24 at Thu Jun  4 04:39:48 UTC 2026
Cache sync 25 at Thu Jun  4 04:39:48 UTC 2026
Cache sync 26 at Thu Jun  4 04:39:48 UTC 2026
Cache sync 1 at Thu Jun  4 15:26:18 UTC 2026
Cache sync 2 at Thu Jun  4 15:26:18 UTC 2026
Cache sync 3 at Thu Jun  4 15:26:18 UTC 2026
Cache sync 4 at Thu Jun  4 15:26:18 UTC 2026
Cache sync 5 at Thu Jun  4 15:26:18 UTC 2026
Cache sync 6 at Thu Jun  4 15:26:18 UTC 2026
Cache sync 7 at Thu Jun  4 15:26:18 UTC 2026
Cache sync 8 at Thu Jun  4 15:26:18 UTC 2026
Cache sync 9 at Thu Jun  4 15:26:18 UTC 2026
Cache sync 10 at Thu Jun  4 15:26:18 UTC 2026
Cache sync 11 at Thu Jun  4 15:26:18 UTC 2026
Cache sync 12 at Thu Jun  4 15:26:18 UTC 2026
Cache sync 13 at Thu Jun  4 15:26:18 UTC 2026
Cache sync 14 at Thu Jun  4 15:26:18 UTC 2026
Cache sync 15 at Thu Jun  4 15:26:18 UTC 2026
Cache sync 16 at Thu Jun  4 15:26:18 UTC 2026
Cache sync 17 at Thu Jun  4 15:26:18 UTC 2026
Cache sync 18 at Thu Jun  4 15:26:18 UTC 2026
Cache sync 19 at Thu Jun  4 15:26:18 UTC 2026
Cache sync 20 at Thu Jun  4 15:26:18 UTC 2026
Cache sync 21 at Thu Jun  4 15:26:18 UTC 2026
Cache sync 22 at Thu Jun  4 15:26:18 UTC 2026
Cache sync 23 at Thu Jun  4 15:26:18 UTC 2026
Cache sync 24 at Thu Jun  4 15:26:18 UTC 2026
Cache sync 25 at Thu Jun  4 15:26:18 UTC 2026
Cache sync 26 at Thu Jun  4 15:26:18 UTC 2026
Cache sync 27 at Thu Jun  4 15:26:18 UTC 2026
Cache sync 28 at Thu Jun  4 15:26:18 UTC 2026
Cache sync 29 at Thu Jun  4 15:26:18 UTC 2026
Cache sync 30 at Thu Jun  4 15:26:18 UTC 2026
Cache sync 31 at Thu Jun  4 15:26:18 UTC 2026
Cache sync 32 at Thu Jun  4 15:26:18 UTC 2026
Cache sync 33 at Thu Jun  4 15:26:18 UTC 2026
Cache sync 34 at Thu Jun  4 15:26:18 UTC 2026
Cache sync 35 at Thu Jun  4 15:26:18 UTC 2026
Cache sync 36 at Thu Jun  4 15:26:18 UTC 2026
Cache sync 37 at Thu Jun  4 15:26:18 UTC 2026
Cache sync 38 at Thu Jun  4 15:26:18 UTC 2026
Cache sync 39 at Thu Jun  4 15:26:18 UTC 2026
Cache sync 40 at Thu Jun  4 15:26:18 UTC 2026
Cache sync 41 at Thu Jun  4 15:26:18 UTC 2026
Cache sync 42 at Thu Jun  4 15:26:18 UTC 2026
Cache sync 43 at Thu Jun  4 15:26:18 UTC 2026
Cache sync 44 at Thu Jun  4 15:26:18 UTC 2026
Cache sync 45 at Thu Jun  4 15:26:18 UTC 2026
Cache sync 46 at Thu Jun  4 15:26:18 UTC 2026
Cache sync 47 at Thu Jun  4 15:26:18 UTC 2026
Cache sync 48 at Thu Jun  4 15:26:18 UTC 2026
Cache sync 49 at Thu Jun  4 15:26:18 UTC 2026
Cache sync 50 at Thu Jun  4 15:26:19 UTC 2026
Cache sync 51 at Thu Jun  4 15:26:19 UTC 2026
Cache sync 52 at Thu Jun  4 15:26:19 UTC 2026
Cache sync 53 at Thu Jun  4 15:26:19 UTC 2026
Cache sync 54 at Thu Jun  4 15:26:19 UTC 2026
Cache sync 55 at Thu Jun  4 15:26:19 UTC 2026
Cache sync 56 at Thu Jun  4 15:26:19 UTC 2026
Cache sync 57 at Thu Jun  4 15:26:19 UTC 2026
Cache sync 58 at Thu Jun  4 15:26:19 UTC 2026
Cache sync 59 at Thu Jun  4 15:26:19 UTC 2026
Cache sync 60 at Thu Jun  4 15:26:19 UTC 2026
Cache sync 61 at Thu Jun  4 15:26:19 UTC 2026
Cache sync 62 at Thu Jun  4 15:26:19 UTC 2026
Cache sync 63 at Thu Jun  4 15:26:19 UTC 2026
Cache sync 1 at Fri Jun  5 04:13:37 UTC 2026
Cache sync 2 at Fri Jun  5 04:13:37 UTC 2026
Cache sync 3 at Fri Jun  5 04:13:37 UTC 2026
Cache sync 4 at Fri Jun  5 04:13:37 UTC 2026
Cache sync 5 at Fri Jun  5 04:13:37 UTC 2026
Cache sync 6 at Fri Jun  5 04:13:37 UTC 2026
Cache sync 7 at Fri Jun  5 04:13:37 UTC 2026
Cache sync 8 at Fri Jun  5 04:13:37 UTC 2026
Cache sync 9 at Fri Jun  5 04:13:37 UTC 2026
Cache sync 10 at Fri Jun  5 04:13:37 UTC 2026
Cache sync 11 at Fri Jun  5 04:13:37 UTC 2026
Cache sync 12 at Fri Jun  5 04:13:37 UTC 2026
Cache sync 13 at Fri Jun  5 04:13:37 UTC 2026
Cache sync 14 at Fri Jun  5 04:13:37 UTC 2026
Cache sync 15 at Fri Jun  5 04:13:37 UTC 2026
Cache sync 16 at Fri Jun  5 04:13:37 UTC 2026
Cache sync 17 at Fri Jun  5 04:13:37 UTC 2026
Cache sync 18 at Fri Jun  5 04:13:37 UTC 2026
Cache sync 19 at Fri Jun  5 04:13:37 UTC 2026
Cache sync 20 at Fri Jun  5 04:13:37 UTC 2026
Cache sync 21 at Fri Jun  5 04:13:37 UTC 2026
Cache sync 22 at Fri Jun  5 04:13:37 UTC 2026
Cache sync 23 at Fri Jun  5 04:13:37 UTC 2026
Cache sync 24 at Fri Jun  5 04:13:37 UTC 2026
Cache sync 25 at Fri Jun  5 04:13:37 UTC 2026
Cache sync 26 at Fri Jun  5 04:13:37 UTC 2026
Cache sync 27 at Fri Jun  5 04:13:37 UTC 2026
Cache sync 28 at Fri Jun  5 04:13:37 UTC 2026
Cache sync 29 at Fri Jun  5 04:13:37 UTC 2026
Cache sync 30 at Fri Jun  5 04:13:37 UTC 2026
Cache sync 31 at Fri Jun  5 04:13:37 UTC 2026
Cache sync 32 at Fri Jun  5 04:13:37 UTC 2026
Cache sync 33 at Fri Jun  5 04:13:37 UTC 2026
Cache sync 34 at Fri Jun  5 04:13:37 UTC 2026
Cache sync 1 at Fri Jun  5 15:14:48 UTC 2026
Cache sync 2 at Fri Jun  5 15:14:48 UTC 2026
Cache sync 3 at Fri Jun  5 15:14:48 UTC 2026
Cache sync 4 at Fri Jun  5 15:14:48 UTC 2026
Cache sync 5 at Fri Jun  5 15:14:48 UTC 2026
Cache sync 6 at Fri Jun  5 15:14:48 UTC 2026
Cache sync 7 at Fri Jun  5 15:14:48 UTC 2026
Cache sync 1 at Sat Jun  6 13:54:08 UTC 2026
Cache sync 2 at Sat Jun  6 13:54:08 UTC 2026
Cache sync 3 at Sat Jun  6 13:54:08 UTC 2026
Cache sync 4 at Sat Jun  6 13:54:08 UTC 2026
Cache sync 5 at Sat Jun  6 13:54:08 UTC 2026
Cache sync 6 at Sat Jun  6 13:54:08 UTC 2026
Cache sync 7 at Sat Jun  6 13:54:08 UTC 2026
Cache sync 8 at Sat Jun  6 13:54:08 UTC 2026
Cache sync 9 at Sat Jun  6 13:54:08 UTC 2026
Cache sync 10 at Sat Jun  6 13:54:08 UTC 2026
Cache sync 11 at Sat Jun  6 13:54:09 UTC 2026
Cache sync 12 at Sat Jun  6 13:54:09 UTC 2026
Cache sync 13 at Sat Jun  6 13:54:09 UTC 2026
Cache sync 14 at Sat Jun  6 13:54:09 UTC 2026
Cache sync 15 at Sat Jun  6 13:54:09 UTC 2026
Cache sync 16 at Sat Jun  6 13:54:09 UTC 2026
Cache sync 17 at Sat Jun  6 13:54:09 UTC 2026
Cache sync 18 at Sat Jun  6 13:54:09 UTC 2026
Cache sync 19 at Sat Jun  6 13:54:09 UTC 2026
Cache sync 20 at Sat Jun  6 13:54:09 UTC 2026
Cache sync 21 at Sat Jun  6 13:54:09 UTC 2026
Cache sync 22 at Sat Jun  6 13:54:09 UTC 2026
Cache sync 23 at Sat Jun  6 13:54:09 UTC 2026
Cache sync 24 at Sat Jun  6 13:54:09 UTC 2026
Cache sync 25 at Sat Jun  6 13:54:09 UTC 2026
Cache sync 26 at Sat Jun  6 13:54:09 UTC 2026
Cache sync 27 at Sat Jun  6 13:54:09 UTC 2026
Cache sync 28 at Sat Jun  6 13:54:09 UTC 2026
Cache sync 29 at Sat Jun  6 13:54:09 UTC 2026
Cache sync 30 at Sat Jun  6 13:54:09 UTC 2026
Cache sync 31 at Sat Jun  6 13:54:09 UTC 2026
Cache sync 32 at Sat Jun  6 13:54:09 UTC 2026
Cache sync 33 at Sat Jun  6 13:54:09 UTC 2026
Cache sync 34 at Sat Jun  6 13:54:09 UTC 2026
Cache sync 35 at Sat Jun  6 13:54:09 UTC 2026
Cache sync 36 at Sat Jun  6 13:54:09 UTC 2026
Cache sync 37 at Sat Jun  6 13:54:09 UTC 2026
Cache sync 38 at Sat Jun  6 13:54:09 UTC 2026
Cache sync 39 at Sat Jun  6 13:54:09 UTC 2026
Cache sync 40 at Sat Jun  6 13:54:09 UTC 2026
Cache sync 1 at Sun Jun  7 04:23:13 UTC 2026
Cache sync 2 at Sun Jun  7 04:23:13 UTC 2026
Cache sync 3 at Sun Jun  7 04:23:13 UTC 2026
Cache sync 4 at Sun Jun  7 04:23:13 UTC 2026
Cache sync 5 at Sun Jun  7 04:23:13 UTC 2026
Cache sync 6 at Sun Jun  7 04:23:13 UTC 2026
Cache sync 7 at Sun Jun  7 04:23:13 UTC 2026
Cache sync 8 at Sun Jun  7 04:23:13 UTC 2026
Cache sync 9 at Sun Jun  7 04:23:13 UTC 2026
Cache sync 10 at Sun Jun  7 04:23:13 UTC 2026
Cache sync 11 at Sun Jun  7 04:23:13 UTC 2026
Cache sync 12 at Sun Jun  7 04:23:13 UTC 2026
Cache sync 13 at Sun Jun  7 04:23:13 UTC 2026
Cache sync 14 at Sun Jun  7 04:23:13 UTC 2026
Cache sync 15 at Sun Jun  7 04:23:13 UTC 2026
Cache sync 16 at Sun Jun  7 04:23:13 UTC 2026
Cache sync 17 at Sun Jun  7 04:23:13 UTC 2026
Cache sync 18 at Sun Jun  7 04:23:13 UTC 2026
Cache sync 19 at Sun Jun  7 04:23:13 UTC 2026
Cache sync 20 at Sun Jun  7 04:23:13 UTC 2026
Cache sync 21 at Sun Jun  7 04:23:13 UTC 2026
Cache sync 22 at Sun Jun  7 04:23:13 UTC 2026
Cache sync 23 at Sun Jun  7 04:23:13 UTC 2026
Cache sync 24 at Sun Jun  7 04:23:14 UTC 2026
Cache sync 25 at Sun Jun  7 04:23:14 UTC 2026
Cache sync 26 at Sun Jun  7 04:23:14 UTC 2026
Cache sync 27 at Sun Jun  7 04:23:14 UTC 2026
Cache sync 28 at Sun Jun  7 04:23:14 UTC 2026
Cache sync 29 at Sun Jun  7 04:23:14 UTC 2026
Cache sync 30 at Sun Jun  7 04:23:14 UTC 2026
Cache sync 31 at Sun Jun  7 04:23:14 UTC 2026
Cache sync 32 at Sun Jun  7 04:23:14 UTC 2026
Cache sync 33 at Sun Jun  7 04:23:14 UTC 2026
Cache sync 34 at Sun Jun  7 04:23:14 UTC 2026
Cache sync 35 at Sun Jun  7 04:23:14 UTC 2026
Cache sync 36 at Sun Jun  7 04:23:14 UTC 2026
Cache sync 37 at Sun Jun  7 04:23:14 UTC 2026
Cache sync 38 at Sun Jun  7 04:23:14 UTC 2026
Cache sync 39 at Sun Jun  7 04:23:14 UTC 2026
Cache sync 40 at Sun Jun  7 04:23:14 UTC 2026
Cache sync 41 at Sun Jun  7 04:23:14 UTC 2026
Cache sync 42 at Sun Jun  7 04:23:14 UTC 2026
Cache sync 43 at Sun Jun  7 04:23:14 UTC 2026
Cache sync 44 at Sun Jun  7 04:23:14 UTC 2026
Cache sync 45 at Sun Jun  7 04:23:14 UTC 2026
Cache sync 46 at Sun Jun  7 04:23:14 UTC 2026
Cache sync 47 at Sun Jun  7 04:23:14 UTC 2026
Cache sync 48 at Sun Jun  7 04:23:14 UTC 2026
Cache sync 49 at Sun Jun  7 04:23:14 UTC 2026
Cache sync 50 at Sun Jun  7 04:23:14 UTC 2026
Cache sync 51 at Sun Jun  7 04:23:14 UTC 2026
Cache sync 52 at Sun Jun  7 04:23:14 UTC 2026
Cache sync 53 at Sun Jun  7 04:23:14 UTC 2026
Cache sync 54 at Sun Jun  7 04:23:14 UTC 2026
Cache sync 55 at Sun Jun  7 04:23:14 UTC 2026
Cache sync 56 at Sun Jun  7 04:23:14 UTC 2026
Cache sync 57 at Sun Jun  7 04:23:14 UTC 2026
Cache sync 58 at Sun Jun  7 04:23:14 UTC 2026
Cache sync 59 at Sun Jun  7 04:23:14 UTC 2026
Cache sync 60 at Sun Jun  7 04:23:14 UTC 2026
Cache sync 61 at Sun Jun  7 04:23:14 UTC 2026
Cache sync 62 at Sun Jun  7 04:23:14 UTC 2026
Cache sync 63 at Sun Jun  7 04:23:14 UTC 2026
Cache sync 64 at Sun Jun  7 04:23:14 UTC 2026
Cache sync 65 at Sun Jun  7 04:23:14 UTC 2026
Cache sync 66 at Sun Jun  7 04:23:14 UTC 2026
Cache sync 67 at Sun Jun  7 04:23:14 UTC 2026
Cache sync 68 at Sun Jun  7 04:23:14 UTC 2026
Cache sync 69 at Sun Jun  7 04:23:14 UTC 2026
Cache sync 1 at Sun Jun  7 14:04:24 UTC 2026
Cache sync 2 at Sun Jun  7 14:04:24 UTC 2026
Cache sync 3 at Sun Jun  7 14:04:24 UTC 2026
Cache sync 4 at Sun Jun  7 14:04:24 UTC 2026
Cache sync 5 at Sun Jun  7 14:04:24 UTC 2026
Cache sync 6 at Sun Jun  7 14:04:24 UTC 2026
Cache sync 7 at Sun Jun  7 14:04:24 UTC 2026
Cache sync 8 at Sun Jun  7 14:04:24 UTC 2026
Cache sync 9 at Sun Jun  7 14:04:24 UTC 2026
Cache sync 10 at Sun Jun  7 14:04:24 UTC 2026
Cache sync 11 at Sun Jun  7 14:04:24 UTC 2026
Cache sync 12 at Sun Jun  7 14:04:25 UTC 2026
Cache sync 13 at Sun Jun  7 14:04:25 UTC 2026
Cache sync 14 at Sun Jun  7 14:04:25 UTC 2026
Cache sync 15 at Sun Jun  7 14:04:25 UTC 2026
Cache sync 16 at Sun Jun  7 14:04:25 UTC 2026
Cache sync 17 at Sun Jun  7 14:04:25 UTC 2026
Cache sync 18 at Sun Jun  7 14:04:25 UTC 2026
Cache sync 19 at Sun Jun  7 14:04:25 UTC 2026
Cache sync 20 at Sun Jun  7 14:04:25 UTC 2026
Cache sync 21 at Sun Jun  7 14:04:25 UTC 2026
Cache sync 1 at Mon Jun  8 04:27:15 UTC 2026
Cache sync 2 at Mon Jun  8 04:27:15 UTC 2026
Cache sync 3 at Mon Jun  8 04:27:15 UTC 2026
Cache sync 4 at Mon Jun  8 04:27:15 UTC 2026
Cache sync 5 at Mon Jun  8 04:27:15 UTC 2026
Cache sync 6 at Mon Jun  8 04:27:15 UTC 2026
Cache sync 7 at Mon Jun  8 04:27:15 UTC 2026
Cache sync 8 at Mon Jun  8 04:27:15 UTC 2026
Cache sync 9 at Mon Jun  8 04:27:15 UTC 2026
Cache sync 10 at Mon Jun  8 04:27:15 UTC 2026
Cache sync 11 at Mon Jun  8 04:27:15 UTC 2026
Cache sync 12 at Mon Jun  8 04:27:15 UTC 2026
Cache sync 13 at Mon Jun  8 04:27:15 UTC 2026
Cache sync 14 at Mon Jun  8 04:27:15 UTC 2026
Cache sync 15 at Mon Jun  8 04:27:15 UTC 2026
Cache sync 16 at Mon Jun  8 04:27:15 UTC 2026
Cache sync 17 at Mon Jun  8 04:27:15 UTC 2026
Cache sync 18 at Mon Jun  8 04:27:15 UTC 2026
Cache sync 19 at Mon Jun  8 04:27:15 UTC 2026
Cache sync 20 at Mon Jun  8 04:27:15 UTC 2026
Cache sync 21 at Mon Jun  8 04:27:15 UTC 2026
Cache sync 1 at Mon Jun  8 16:02:50 UTC 2026
Cache sync 2 at Mon Jun  8 16:02:50 UTC 2026
Cache sync 3 at Mon Jun  8 16:02:50 UTC 2026
Cache sync 4 at Mon Jun  8 16:02:50 UTC 2026
Cache sync 5 at Mon Jun  8 16:02:50 UTC 2026
Cache sync 6 at Mon Jun  8 16:02:50 UTC 2026
Cache sync 7 at Mon Jun  8 16:02:50 UTC 2026
Cache sync 8 at Mon Jun  8 16:02:50 UTC 2026
Cache sync 9 at Mon Jun  8 16:02:50 UTC 2026
Cache sync 10 at Mon Jun  8 16:02:50 UTC 2026
Cache sync 11 at Mon Jun  8 16:02:50 UTC 2026
Cache sync 12 at Mon Jun  8 16:02:50 UTC 2026
Cache sync 13 at Mon Jun  8 16:02:50 UTC 2026
Cache sync 14 at Mon Jun  8 16:02:50 UTC 2026
Cache sync 15 at Mon Jun  8 16:02:50 UTC 2026
Cache sync 16 at Mon Jun  8 16:02:50 UTC 2026
Cache sync 17 at Mon Jun  8 16:02:50 UTC 2026
Cache sync 18 at Mon Jun  8 16:02:50 UTC 2026
Cache sync 19 at Mon Jun  8 16:02:50 UTC 2026
Cache sync 20 at Mon Jun  8 16:02:50 UTC 2026
Cache sync 21 at Mon Jun  8 16:02:50 UTC 2026
Cache sync 22 at Mon Jun  8 16:02:50 UTC 2026
Cache sync 23 at Mon Jun  8 16:02:50 UTC 2026
Cache sync 24 at Mon Jun  8 16:02:50 UTC 2026
Cache sync 25 at Mon Jun  8 16:02:50 UTC 2026
Cache sync 26 at Mon Jun  8 16:02:50 UTC 2026
Cache sync 27 at Mon Jun  8 16:02:50 UTC 2026
Cache sync 28 at Mon Jun  8 16:02:50 UTC 2026
Cache sync 29 at Mon Jun  8 16:02:50 UTC 2026
Cache sync 30 at Mon Jun  8 16:02:50 UTC 2026
Cache sync 31 at Mon Jun  8 16:02:50 UTC 2026
Cache sync 32 at Mon Jun  8 16:02:50 UTC 2026
Cache sync 33 at Mon Jun  8 16:02:50 UTC 2026
Cache sync 34 at Mon Jun  8 16:02:50 UTC 2026
Cache sync 35 at Mon Jun  8 16:02:50 UTC 2026
Cache sync 36 at Mon Jun  8 16:02:50 UTC 2026
Cache sync 37 at Mon Jun  8 16:02:50 UTC 2026
Cache sync 38 at Mon Jun  8 16:02:50 UTC 2026
Cache sync 39 at Mon Jun  8 16:02:50 UTC 2026
Cache sync 40 at Mon Jun  8 16:02:50 UTC 2026
Cache sync 41 at Mon Jun  8 16:02:50 UTC 2026
Cache sync 42 at Mon Jun  8 16:02:50 UTC 2026
Cache sync 43 at Mon Jun  8 16:02:50 UTC 2026
Cache sync 44 at Mon Jun  8 16:02:50 UTC 2026
Cache sync 45 at Mon Jun  8 16:02:50 UTC 2026
Cache sync 46 at Mon Jun  8 16:02:50 UTC 2026
Cache sync 47 at Mon Jun  8 16:02:50 UTC 2026
Cache sync 1 at Tue Jun  9 03:59:20 UTC 2026
Cache sync 2 at Tue Jun  9 03:59:20 UTC 2026
Cache sync 3 at Tue Jun  9 03:59:20 UTC 2026
Cache sync 4 at Tue Jun  9 03:59:20 UTC 2026
Cache sync 5 at Tue Jun  9 03:59:20 UTC 2026
Cache sync 6 at Tue Jun  9 03:59:20 UTC 2026
Cache sync 7 at Tue Jun  9 03:59:20 UTC 2026
Cache sync 8 at Tue Jun  9 03:59:20 UTC 2026
Cache sync 9 at Tue Jun  9 03:59:20 UTC 2026
Cache sync 10 at Tue Jun  9 03:59:20 UTC 2026
Cache sync 11 at Tue Jun  9 03:59:20 UTC 2026
Cache sync 12 at Tue Jun  9 03:59:20 UTC 2026
Cache sync 13 at Tue Jun  9 03:59:20 UTC 2026
Cache sync 14 at Tue Jun  9 03:59:20 UTC 2026
Cache sync 15 at Tue Jun  9 03:59:20 UTC 2026
Cache sync 16 at Tue Jun  9 03:59:20 UTC 2026
Cache sync 17 at Tue Jun  9 03:59:20 UTC 2026
Cache sync 18 at Tue Jun  9 03:59:20 UTC 2026
Cache sync 19 at Tue Jun  9 03:59:20 UTC 2026
Cache sync 20 at Tue Jun  9 03:59:20 UTC 2026
Cache sync 21 at Tue Jun  9 03:59:20 UTC 2026
Cache sync 22 at Tue Jun  9 03:59:20 UTC 2026
Cache sync 23 at Tue Jun  9 03:59:20 UTC 2026
Cache sync 24 at Tue Jun  9 03:59:20 UTC 2026
Cache sync 25 at Tue Jun  9 03:59:20 UTC 2026
Cache sync 26 at Tue Jun  9 03:59:20 UTC 2026
Cache sync 27 at Tue Jun  9 03:59:20 UTC 2026
Cache sync 28 at Tue Jun  9 03:59:20 UTC 2026
Cache sync 29 at Tue Jun  9 03:59:20 UTC 2026
Cache sync 30 at Tue Jun  9 03:59:20 UTC 2026
Cache sync 31 at Tue Jun  9 03:59:20 UTC 2026
Cache sync 32 at Tue Jun  9 03:59:20 UTC 2026
Cache sync 33 at Tue Jun  9 03:59:20 UTC 2026
Cache sync 34 at Tue Jun  9 03:59:20 UTC 2026
Cache sync 35 at Tue Jun  9 03:59:20 UTC 2026
Cache sync 36 at Tue Jun  9 03:59:20 UTC 2026
Cache sync 37 at Tue Jun  9 03:59:20 UTC 2026
Cache sync 38 at Tue Jun  9 03:59:20 UTC 2026
Cache sync 39 at Tue Jun  9 03:59:20 UTC 2026
Cache sync 40 at Tue Jun  9 03:59:20 UTC 2026
Cache sync 41 at Tue Jun  9 03:59:20 UTC 2026
Cache sync 42 at Tue Jun  9 03:59:20 UTC 2026
Cache sync 43 at Tue Jun  9 03:59:20 UTC 2026
Cache sync 44 at Tue Jun  9 03:59:20 UTC 2026
Cache sync 45 at Tue Jun  9 03:59:20 UTC 2026
Cache sync 46 at Tue Jun  9 03:59:20 UTC 2026
Cache sync 47 at Tue Jun  9 03:59:20 UTC 2026
Cache sync 48 at Tue Jun  9 03:59:20 UTC 2026
Cache sync 49 at Tue Jun  9 03:59:20 UTC 2026
Cache sync 50 at Tue Jun  9 03:59:20 UTC 2026
Cache sync 51 at Tue Jun  9 03:59:20 UTC 2026
Cache sync 52 at Tue Jun  9 03:59:20 UTC 2026
Cache sync 53 at Tue Jun  9 03:59:20 UTC 2026
Cache sync 54 at Tue Jun  9 03:59:20 UTC 2026
Cache sync 55 at Tue Jun  9 03:59:20 UTC 2026
Cache sync 56 at Tue Jun  9 03:59:20 UTC 2026
Cache sync 57 at Tue Jun  9 03:59:20 UTC 2026
Cache sync 58 at Tue Jun  9 03:59:20 UTC 2026
Cache sync 59 at Tue Jun  9 03:59:20 UTC 2026
Cache sync 60 at Tue Jun  9 03:59:20 UTC 2026
Cache sync 61 at Tue Jun  9 03:59:20 UTC 2026
Cache sync 62 at Tue Jun  9 03:59:21 UTC 2026
Cache sync 63 at Tue Jun  9 03:59:21 UTC 2026
Cache sync 64 at Tue Jun  9 03:59:21 UTC 2026
Cache sync 65 at Tue Jun  9 03:59:21 UTC 2026
Cache sync 66 at Tue Jun  9 03:59:21 UTC 2026
Cache sync 67 at Tue Jun  9 03:59:21 UTC 2026
Cache sync 68 at Tue Jun  9 03:59:21 UTC 2026
Cache sync 69 at Tue Jun  9 03:59:21 UTC 2026
Cache sync 70 at Tue Jun  9 03:59:21 UTC 2026
Cache sync 71 at Tue Jun  9 03:59:21 UTC 2026
Cache sync 72 at Tue Jun  9 03:59:21 UTC 2026
Cache sync 1 at Tue Jun  9 15:15:07 UTC 2026
Cache sync 2 at Tue Jun  9 15:15:07 UTC 2026
Cache sync 3 at Tue Jun  9 15:15:07 UTC 2026
Cache sync 4 at Tue Jun  9 15:15:07 UTC 2026
Cache sync 5 at Tue Jun  9 15:15:07 UTC 2026
Cache sync 6 at Tue Jun  9 15:15:07 UTC 2026
Cache sync 7 at Tue Jun  9 15:15:07 UTC 2026
Cache sync 8 at Tue Jun  9 15:15:07 UTC 2026
Cache sync 9 at Tue Jun  9 15:15:07 UTC 2026
Cache sync 10 at Tue Jun  9 15:15:07 UTC 2026
Cache sync 11 at Tue Jun  9 15:15:07 UTC 2026
Cache sync 12 at Tue Jun  9 15:15:07 UTC 2026
Cache sync 13 at Tue Jun  9 15:15:07 UTC 2026
Cache sync 14 at Tue Jun  9 15:15:07 UTC 2026
Cache sync 15 at Tue Jun  9 15:15:07 UTC 2026
Cache sync 16 at Tue Jun  9 15:15:07 UTC 2026
Cache sync 17 at Tue Jun  9 15:15:07 UTC 2026
Cache sync 18 at Tue Jun  9 15:15:07 UTC 2026
Cache sync 19 at Tue Jun  9 15:15:07 UTC 2026
Cache sync 20 at Tue Jun  9 15:15:07 UTC 2026
Cache sync 21 at Tue Jun  9 15:15:07 UTC 2026
Cache sync 22 at Tue Jun  9 15:15:07 UTC 2026
Cache sync 23 at Tue Jun  9 15:15:07 UTC 2026
Cache sync 24 at Tue Jun  9 15:15:07 UTC 2026
Cache sync 25 at Tue Jun  9 15:15:07 UTC 2026
Cache sync 26 at Tue Jun  9 15:15:07 UTC 2026
Cache sync 27 at Tue Jun  9 15:15:07 UTC 2026
Cache sync 28 at Tue Jun  9 15:15:07 UTC 2026
Cache sync 29 at Tue Jun  9 15:15:07 UTC 2026
Cache sync 30 at Tue Jun  9 15:15:07 UTC 2026
Cache sync 31 at Tue Jun  9 15:15:07 UTC 2026
Cache sync 32 at Tue Jun  9 15:15:07 UTC 2026
Cache sync 33 at Tue Jun  9 15:15:07 UTC 2026
Cache sync 34 at Tue Jun  9 15:15:07 UTC 2026
Cache sync 35 at Tue Jun  9 15:15:07 UTC 2026
Cache sync 36 at Tue Jun  9 15:15:07 UTC 2026
Cache sync 37 at Tue Jun  9 15:15:07 UTC 2026
Cache sync 38 at Tue Jun  9 15:15:07 UTC 2026
Cache sync 39 at Tue Jun  9 15:15:07 UTC 2026
Cache sync 40 at Tue Jun  9 15:15:07 UTC 2026
Cache sync 1 at Wed Jun 10 04:11:06 UTC 2026
Cache sync 2 at Wed Jun 10 04:11:06 UTC 2026
Cache sync 3 at Wed Jun 10 04:11:06 UTC 2026
Cache sync 4 at Wed Jun 10 04:11:06 UTC 2026
Cache sync 5 at Wed Jun 10 04:11:06 UTC 2026
Cache sync 6 at Wed Jun 10 04:11:06 UTC 2026
Cache sync 7 at Wed Jun 10 04:11:06 UTC 2026
Cache sync 8 at Wed Jun 10 04:11:06 UTC 2026
Cache sync 9 at Wed Jun 10 04:11:06 UTC 2026
Cache sync 10 at Wed Jun 10 04:11:06 UTC 2026
Cache sync 11 at Wed Jun 10 04:11:06 UTC 2026
Cache sync 12 at Wed Jun 10 04:11:06 UTC 2026
Cache sync 13 at Wed Jun 10 04:11:06 UTC 2026
Cache sync 14 at Wed Jun 10 04:11:06 UTC 2026
Cache sync 15 at Wed Jun 10 04:11:06 UTC 2026
Cache sync 16 at Wed Jun 10 04:11:06 UTC 2026
Cache sync 17 at Wed Jun 10 04:11:07 UTC 2026
Cache sync 18 at Wed Jun 10 04:11:07 UTC 2026
Cache sync 19 at Wed Jun 10 04:11:07 UTC 2026
Cache sync 20 at Wed Jun 10 04:11:07 UTC 2026
Cache sync 21 at Wed Jun 10 04:11:07 UTC 2026
Cache sync 22 at Wed Jun 10 04:11:07 UTC 2026
Cache sync 23 at Wed Jun 10 04:11:07 UTC 2026
Cache sync 24 at Wed Jun 10 04:11:07 UTC 2026
Cache sync 25 at Wed Jun 10 04:11:07 UTC 2026
Cache sync 26 at Wed Jun 10 04:11:07 UTC 2026
Cache sync 27 at Wed Jun 10 04:11:07 UTC 2026
Cache sync 28 at Wed Jun 10 04:11:07 UTC 2026
Cache sync 29 at Wed Jun 10 04:11:07 UTC 2026
Cache sync 30 at Wed Jun 10 04:11:07 UTC 2026
Cache sync 31 at Wed Jun 10 04:11:07 UTC 2026
Cache sync 32 at Wed Jun 10 04:11:07 UTC 2026
Cache sync 33 at Wed Jun 10 04:11:07 UTC 2026
Cache sync 34 at Wed Jun 10 04:11:07 UTC 2026
Cache sync 35 at Wed Jun 10 04:11:07 UTC 2026
Cache sync 36 at Wed Jun 10 04:11:07 UTC 2026
Cache sync 37 at Wed Jun 10 04:11:07 UTC 2026
Cache sync 38 at Wed Jun 10 04:11:07 UTC 2026
Cache sync 39 at Wed Jun 10 04:11:07 UTC 2026
Cache sync 40 at Wed Jun 10 04:11:07 UTC 2026
Cache sync 41 at Wed Jun 10 04:11:07 UTC 2026
Cache sync 42 at Wed Jun 10 04:11:07 UTC 2026
Cache sync 43 at Wed Jun 10 04:11:07 UTC 2026
Cache sync 44 at Wed Jun 10 04:11:07 UTC 2026
Cache sync 45 at Wed Jun 10 04:11:07 UTC 2026
Cache sync 46 at Wed Jun 10 04:11:07 UTC 2026
Cache sync 47 at Wed Jun 10 04:11:07 UTC 2026
Cache sync 48 at Wed Jun 10 04:11:07 UTC 2026
Cache sync 49 at Wed Jun 10 04:11:07 UTC 2026
Cache sync 50 at Wed Jun 10 04:11:07 UTC 2026
Cache sync 51 at Wed Jun 10 04:11:07 UTC 2026
Cache sync 52 at Wed Jun 10 04:11:07 UTC 2026
Cache sync 53 at Wed Jun 10 04:11:07 UTC 2026
Cache sync 54 at Wed Jun 10 04:11:07 UTC 2026
Cache sync 55 at Wed Jun 10 04:11:07 UTC 2026
Cache sync 56 at Wed Jun 10 04:11:07 UTC 2026
Cache sync 57 at Wed Jun 10 04:11:07 UTC 2026
Cache sync 58 at Wed Jun 10 04:11:07 UTC 2026
Cache sync 59 at Wed Jun 10 04:11:07 UTC 2026
Cache sync 60 at Wed Jun 10 04:11:07 UTC 2026
Cache sync 61 at Wed Jun 10 04:11:07 UTC 2026
Cache sync 62 at Wed Jun 10 04:11:07 UTC 2026
Cache sync 63 at Wed Jun 10 04:11:07 UTC 2026
Cache sync 64 at Wed Jun 10 04:11:07 UTC 2026
Cache sync 65 at Wed Jun 10 04:11:07 UTC 2026
Cache sync 66 at Wed Jun 10 04:11:07 UTC 2026
Cache sync 67 at Wed Jun 10 04:11:07 UTC 2026
Cache sync 68 at Wed Jun 10 04:11:07 UTC 2026
Cache sync 69 at Wed Jun 10 04:11:07 UTC 2026
Cache sync 70 at Wed Jun 10 04:11:07 UTC 2026
Cache sync 71 at Wed Jun 10 04:11:07 UTC 2026
Cache sync 72 at Wed Jun 10 04:11:07 UTC 2026
Cache sync 73 at Wed Jun 10 04:11:07 UTC 2026
Cache sync 1 at Wed Jun 10 15:49:12 UTC 2026
Cache sync 1 at Thu Jun 11 04:23:53 UTC 2026
Cache sync 2 at Thu Jun 11 04:23:53 UTC 2026
Cache sync 1 at Thu Jun 11 16:11:09 UTC 2026
Cache sync 2 at Thu Jun 11 16:11:09 UTC 2026
Cache sync 3 at Thu Jun 11 16:11:09 UTC 2026
Cache sync 4 at Thu Jun 11 16:11:09 UTC 2026
Cache sync 5 at Thu Jun 11 16:11:09 UTC 2026
Cache sync 6 at Thu Jun 11 16:11:09 UTC 2026
Cache sync 7 at Thu Jun 11 16:11:09 UTC 2026
Cache sync 8 at Thu Jun 11 16:11:09 UTC 2026
Cache sync 9 at Thu Jun 11 16:11:09 UTC 2026
Cache sync 10 at Thu Jun 11 16:11:09 UTC 2026
Cache sync 11 at Thu Jun 11 16:11:09 UTC 2026
Cache sync 12 at Thu Jun 11 16:11:09 UTC 2026
Cache sync 13 at Thu Jun 11 16:11:09 UTC 2026
Cache sync 14 at Thu Jun 11 16:11:09 UTC 2026
Cache sync 15 at Thu Jun 11 16:11:09 UTC 2026
Cache sync 16 at Thu Jun 11 16:11:09 UTC 2026
Cache sync 17 at Thu Jun 11 16:11:09 UTC 2026
Cache sync 18 at Thu Jun 11 16:11:09 UTC 2026
Cache sync 19 at Thu Jun 11 16:11:09 UTC 2026
Cache sync 20 at Thu Jun 11 16:11:09 UTC 2026
Cache sync 21 at Thu Jun 11 16:11:09 UTC 2026
Cache sync 22 at Thu Jun 11 16:11:10 UTC 2026
Cache sync 23 at Thu Jun 11 16:11:10 UTC 2026
Cache sync 24 at Thu Jun 11 16:11:10 UTC 2026
Cache sync 25 at Thu Jun 11 16:11:10 UTC 2026
Cache sync 26 at Thu Jun 11 16:11:10 UTC 2026
Cache sync 27 at Thu Jun 11 16:11:10 UTC 2026
Cache sync 28 at Thu Jun 11 16:11:10 UTC 2026
Cache sync 29 at Thu Jun 11 16:11:10 UTC 2026
Cache sync 30 at Thu Jun 11 16:11:10 UTC 2026
Cache sync 31 at Thu Jun 11 16:11:10 UTC 2026
Cache sync 32 at Thu Jun 11 16:11:10 UTC 2026
Cache sync 33 at Thu Jun 11 16:11:10 UTC 2026
Cache sync 34 at Thu Jun 11 16:11:10 UTC 2026
Cache sync 35 at Thu Jun 11 16:11:10 UTC 2026
Cache sync 36 at Thu Jun 11 16:11:10 UTC 2026
Cache sync 37 at Thu Jun 11 16:11:10 UTC 2026
Cache sync 38 at Thu Jun 11 16:11:10 UTC 2026
Cache sync 39 at Thu Jun 11 16:11:10 UTC 2026
Cache sync 40 at Thu Jun 11 16:11:10 UTC 2026
Cache sync 41 at Thu Jun 11 16:11:10 UTC 2026
Cache sync 42 at Thu Jun 11 16:11:10 UTC 2026
Cache sync 43 at Thu Jun 11 16:11:10 UTC 2026
Cache sync 44 at Thu Jun 11 16:11:10 UTC 2026
Cache sync 45 at Thu Jun 11 16:11:10 UTC 2026
Cache sync 46 at Thu Jun 11 16:11:10 UTC 2026
Cache sync 47 at Thu Jun 11 16:11:10 UTC 2026
Cache sync 48 at Thu Jun 11 16:11:10 UTC 2026
Cache sync 49 at Thu Jun 11 16:11:10 UTC 2026
Cache sync 50 at Thu Jun 11 16:11:10 UTC 2026
Cache sync 51 at Thu Jun 11 16:11:10 UTC 2026
Cache sync 52 at Thu Jun 11 16:11:10 UTC 2026
Cache sync 53 at Thu Jun 11 16:11:10 UTC 2026
Cache sync 54 at Thu Jun 11 16:11:10 UTC 2026
Cache sync 55 at Thu Jun 11 16:11:10 UTC 2026
Cache sync 56 at Thu Jun 11 16:11:10 UTC 2026
Cache sync 57 at Thu Jun 11 16:11:10 UTC 2026
Cache sync 58 at Thu Jun 11 16:11:10 UTC 2026
Cache sync 59 at Thu Jun 11 16:11:10 UTC 2026
Cache sync 60 at Thu Jun 11 16:11:10 UTC 2026
Cache sync 61 at Thu Jun 11 16:11:10 UTC 2026
Cache sync 62 at Thu Jun 11 16:11:10 UTC 2026
Cache sync 63 at Thu Jun 11 16:11:10 UTC 2026
Cache sync 64 at Thu Jun 11 16:11:10 UTC 2026
Cache sync 65 at Thu Jun 11 16:11:10 UTC 2026
Cache sync 66 at Thu Jun 11 16:11:10 UTC 2026
Cache sync 67 at Thu Jun 11 16:11:10 UTC 2026
Cache sync 68 at Thu Jun 11 16:11:10 UTC 2026
Cache sync 69 at Thu Jun 11 16:11:10 UTC 2026
Cache sync 70 at Thu Jun 11 16:11:10 UTC 2026
Cache sync 1 at Fri Jun 12 04:26:32 UTC 2026
Cache sync 2 at Fri Jun 12 04:26:32 UTC 2026
Cache sync 3 at Fri Jun 12 04:26:32 UTC 2026
Cache sync 4 at Fri Jun 12 04:26:32 UTC 2026
Cache sync 5 at Fri Jun 12 04:26:32 UTC 2026
Cache sync 6 at Fri Jun 12 04:26:32 UTC 2026
Cache sync 7 at Fri Jun 12 04:26:32 UTC 2026
Cache sync 8 at Fri Jun 12 04:26:32 UTC 2026
Cache sync 9 at Fri Jun 12 04:26:32 UTC 2026
Cache sync 10 at Fri Jun 12 04:26:32 UTC 2026
Cache sync 11 at Fri Jun 12 04:26:32 UTC 2026
Cache sync 12 at Fri Jun 12 04:26:32 UTC 2026
Cache sync 13 at Fri Jun 12 04:26:32 UTC 2026
Cache sync 14 at Fri Jun 12 04:26:32 UTC 2026
Cache sync 15 at Fri Jun 12 04:26:32 UTC 2026
Cache sync 16 at Fri Jun 12 04:26:32 UTC 2026
Cache sync 17 at Fri Jun 12 04:26:32 UTC 2026
Cache sync 18 at Fri Jun 12 04:26:32 UTC 2026
Cache sync 19 at Fri Jun 12 04:26:32 UTC 2026
Cache sync 20 at Fri Jun 12 04:26:32 UTC 2026
Cache sync 21 at Fri Jun 12 04:26:32 UTC 2026
Cache sync 22 at Fri Jun 12 04:26:32 UTC 2026
Cache sync 23 at Fri Jun 12 04:26:32 UTC 2026
Cache sync 24 at Fri Jun 12 04:26:32 UTC 2026
Cache sync 25 at Fri Jun 12 04:26:32 UTC 2026
Cache sync 26 at Fri Jun 12 04:26:32 UTC 2026
Cache sync 27 at Fri Jun 12 04:26:32 UTC 2026
Cache sync 28 at Fri Jun 12 04:26:32 UTC 2026
Cache sync 29 at Fri Jun 12 04:26:32 UTC 2026
Cache sync 30 at Fri Jun 12 04:26:32 UTC 2026
Cache sync 31 at Fri Jun 12 04:26:32 UTC 2026
Cache sync 32 at Fri Jun 12 04:26:32 UTC 2026
Cache sync 33 at Fri Jun 12 04:26:32 UTC 2026
Cache sync 34 at Fri Jun 12 04:26:32 UTC 2026
Cache sync 35 at Fri Jun 12 04:26:32 UTC 2026
Cache sync 36 at Fri Jun 12 04:26:32 UTC 2026
Cache sync 37 at Fri Jun 12 04:26:32 UTC 2026
Cache sync 38 at Fri Jun 12 04:26:32 UTC 2026
Cache sync 39 at Fri Jun 12 04:26:32 UTC 2026
Cache sync 1 at Fri Jun 12 15:26:11 UTC 2026
Cache sync 2 at Fri Jun 12 15:26:11 UTC 2026
Cache sync 3 at Fri Jun 12 15:26:11 UTC 2026
Cache sync 4 at Fri Jun 12 15:26:11 UTC 2026
Cache sync 5 at Fri Jun 12 15:26:11 UTC 2026
Cache sync 6 at Fri Jun 12 15:26:11 UTC 2026
Cache sync 7 at Fri Jun 12 15:26:11 UTC 2026
Cache sync 8 at Fri Jun 12 15:26:11 UTC 2026
Cache sync 9 at Fri Jun 12 15:26:11 UTC 2026
Cache sync 10 at Fri Jun 12 15:26:11 UTC 2026
Cache sync 11 at Fri Jun 12 15:26:11 UTC 2026
Cache sync 12 at Fri Jun 12 15:26:11 UTC 2026
Cache sync 13 at Fri Jun 12 15:26:11 UTC 2026
Cache sync 14 at Fri Jun 12 15:26:11 UTC 2026
Cache sync 15 at Fri Jun 12 15:26:11 UTC 2026
Cache sync 16 at Fri Jun 12 15:26:11 UTC 2026
Cache sync 17 at Fri Jun 12 15:26:11 UTC 2026
Cache sync 18 at Fri Jun 12 15:26:11 UTC 2026
Cache sync 19 at Fri Jun 12 15:26:11 UTC 2026
Cache sync 20 at Fri Jun 12 15:26:11 UTC 2026
Cache sync 21 at Fri Jun 12 15:26:11 UTC 2026
Cache sync 22 at Fri Jun 12 15:26:11 UTC 2026
Cache sync 23 at Fri Jun 12 15:26:11 UTC 2026
Cache sync 24 at Fri Jun 12 15:26:11 UTC 2026
Cache sync 25 at Fri Jun 12 15:26:11 UTC 2026
Cache sync 26 at Fri Jun 12 15:26:11 UTC 2026
Cache sync 27 at Fri Jun 12 15:26:11 UTC 2026
Cache sync 28 at Fri Jun 12 15:26:11 UTC 2026
Cache sync 29 at Fri Jun 12 15:26:11 UTC 2026
Cache sync 30 at Fri Jun 12 15:26:11 UTC 2026
Cache sync 31 at Fri Jun 12 15:26:11 UTC 2026
Cache sync 32 at Fri Jun 12 15:26:11 UTC 2026
Cache sync 33 at Fri Jun 12 15:26:11 UTC 2026
Cache sync 34 at Fri Jun 12 15:26:11 UTC 2026
Cache sync 35 at Fri Jun 12 15:26:11 UTC 2026
Cache sync 36 at Fri Jun 12 15:26:11 UTC 2026
Cache sync 37 at Fri Jun 12 15:26:11 UTC 2026
Cache sync 38 at Fri Jun 12 15:26:12 UTC 2026
Cache sync 39 at Fri Jun 12 15:26:12 UTC 2026
Cache sync 40 at Fri Jun 12 15:26:12 UTC 2026
Cache sync 41 at Fri Jun 12 15:26:12 UTC 2026
Cache sync 42 at Fri Jun 12 15:26:12 UTC 2026
Cache sync 43 at Fri Jun 12 15:26:12 UTC 2026
Cache sync 44 at Fri Jun 12 15:26:12 UTC 2026
Cache sync 45 at Fri Jun 12 15:26:12 UTC 2026
Cache sync 46 at Fri Jun 12 15:26:12 UTC 2026
Cache sync 47 at Fri Jun 12 15:26:12 UTC 2026
Cache sync 48 at Fri Jun 12 15:26:12 UTC 2026
Cache sync 49 at Fri Jun 12 15:26:12 UTC 2026
Cache sync 50 at Fri Jun 12 15:26:12 UTC 2026
Cache sync 51 at Fri Jun 12 15:26:12 UTC 2026
Cache sync 52 at Fri Jun 12 15:26:12 UTC 2026
Cache sync 53 at Fri Jun 12 15:26:12 UTC 2026
Cache sync 54 at Fri Jun 12 15:26:12 UTC 2026
Cache sync 55 at Fri Jun 12 15:26:12 UTC 2026
Cache sync 56 at Fri Jun 12 15:26:12 UTC 2026
Cache sync 57 at Fri Jun 12 15:26:12 UTC 2026
Cache sync 58 at Fri Jun 12 15:26:12 UTC 2026
Cache sync 59 at Fri Jun 12 15:26:12 UTC 2026
Cache sync 60 at Fri Jun 12 15:26:12 UTC 2026
Cache sync 61 at Fri Jun 12 15:26:12 UTC 2026
Cache sync 62 at Fri Jun 12 15:26:12 UTC 2026
Cache sync 63 at Fri Jun 12 15:26:12 UTC 2026
Cache sync 64 at Fri Jun 12 15:26:12 UTC 2026
Cache sync 65 at Fri Jun 12 15:26:12 UTC 2026
Cache sync 66 at Fri Jun 12 15:26:12 UTC 2026
Cache sync 67 at Fri Jun 12 15:26:12 UTC 2026
Cache sync 68 at Fri Jun 12 15:26:12 UTC 2026
Cache sync 69 at Fri Jun 12 15:26:12 UTC 2026
Cache sync 70 at Fri Jun 12 15:26:12 UTC 2026
Cache sync 71 at Fri Jun 12 15:26:12 UTC 2026
Cache sync 72 at Fri Jun 12 15:26:12 UTC 2026
Cache sync 73 at Fri Jun 12 15:26:12 UTC 2026
Cache sync 74 at Fri Jun 12 15:26:12 UTC 2026
Cache sync 75 at Fri Jun 12 15:26:12 UTC 2026
Cache sync 76 at Fri Jun 12 15:26:12 UTC 2026
Cache sync 77 at Fri Jun 12 15:26:12 UTC 2026
Cache sync 78 at Fri Jun 12 15:26:12 UTC 2026
Cache sync 79 at Fri Jun 12 15:26:12 UTC 2026
Cache sync 80 at Fri Jun 12 15:26:12 UTC 2026
Cache sync 81 at Fri Jun 12 15:26:12 UTC 2026
Cache sync 82 at Fri Jun 12 15:26:12 UTC 2026
Cache sync 83 at Fri Jun 12 15:26:12 UTC 2026
Cache sync 84 at Fri Jun 12 15:26:12 UTC 2026
Cache sync 85 at Fri Jun 12 15:26:12 UTC 2026
Cache sync 1 at Sat Jun 13 04:15:17 UTC 2026
Cache sync 2 at Sat Jun 13 04:15:17 UTC 2026
Cache sync 3 at Sat Jun 13 04:15:17 UTC 2026
Cache sync 4 at Sat Jun 13 04:15:17 UTC 2026
Cache sync 5 at Sat Jun 13 04:15:17 UTC 2026
Cache sync 6 at Sat Jun 13 04:15:17 UTC 2026
Cache sync 7 at Sat Jun 13 04:15:17 UTC 2026
Cache sync 8 at Sat Jun 13 04:15:17 UTC 2026
Cache sync 9 at Sat Jun 13 04:15:17 UTC 2026
Cache sync 10 at Sat Jun 13 04:15:17 UTC 2026
Cache sync 11 at Sat Jun 13 04:15:17 UTC 2026
Cache sync 12 at Sat Jun 13 04:15:17 UTC 2026
Cache sync 13 at Sat Jun 13 04:15:17 UTC 2026
Cache sync 14 at Sat Jun 13 04:15:17 UTC 2026
Cache sync 15 at Sat Jun 13 04:15:17 UTC 2026
Cache sync 16 at Sat Jun 13 04:15:17 UTC 2026
Cache sync 17 at Sat Jun 13 04:15:17 UTC 2026
Cache sync 18 at Sat Jun 13 04:15:17 UTC 2026
Cache sync 19 at Sat Jun 13 04:15:17 UTC 2026
Cache sync 20 at Sat Jun 13 04:15:17 UTC 2026
Cache sync 21 at Sat Jun 13 04:15:17 UTC 2026
Cache sync 22 at Sat Jun 13 04:15:17 UTC 2026
Cache sync 23 at Sat Jun 13 04:15:17 UTC 2026
Cache sync 24 at Sat Jun 13 04:15:17 UTC 2026
Cache sync 25 at Sat Jun 13 04:15:17 UTC 2026
Cache sync 26 at Sat Jun 13 04:15:17 UTC 2026
Cache sync 27 at Sat Jun 13 04:15:17 UTC 2026
Cache sync 28 at Sat Jun 13 04:15:17 UTC 2026
Cache sync 29 at Sat Jun 13 04:15:17 UTC 2026
Cache sync 30 at Sat Jun 13 04:15:17 UTC 2026
Cache sync 31 at Sat Jun 13 04:15:17 UTC 2026
Cache sync 32 at Sat Jun 13 04:15:17 UTC 2026
Cache sync 33 at Sat Jun 13 04:15:17 UTC 2026
Cache sync 34 at Sat Jun 13 04:15:17 UTC 2026
Cache sync 35 at Sat Jun 13 04:15:17 UTC 2026
Cache sync 36 at Sat Jun 13 04:15:17 UTC 2026
Cache sync 37 at Sat Jun 13 04:15:17 UTC 2026
Cache sync 1 at Sat Jun 13 14:10:01 UTC 2026
Cache sync 2 at Sat Jun 13 14:10:01 UTC 2026
Cache sync 3 at Sat Jun 13 14:10:01 UTC 2026
Cache sync 4 at Sat Jun 13 14:10:01 UTC 2026
Cache sync 5 at Sat Jun 13 14:10:01 UTC 2026
Cache sync 6 at Sat Jun 13 14:10:01 UTC 2026
Cache sync 7 at Sat Jun 13 14:10:01 UTC 2026
Cache sync 8 at Sat Jun 13 14:10:01 UTC 2026
Cache sync 9 at Sat Jun 13 14:10:01 UTC 2026
Cache sync 10 at Sat Jun 13 14:10:01 UTC 2026
Cache sync 11 at Sat Jun 13 14:10:01 UTC 2026
Cache sync 1 at Sun Jun 14 14:14:07 UTC 2026
Cache sync 2 at Sun Jun 14 14:14:07 UTC 2026
Cache sync 3 at Sun Jun 14 14:14:07 UTC 2026
Cache sync 4 at Sun Jun 14 14:14:07 UTC 2026
Cache sync 5 at Sun Jun 14 14:14:07 UTC 2026
Cache sync 6 at Sun Jun 14 14:14:07 UTC 2026
Cache sync 7 at Sun Jun 14 14:14:07 UTC 2026
Cache sync 8 at Sun Jun 14 14:14:07 UTC 2026
Cache sync 9 at Sun Jun 14 14:14:07 UTC 2026
Cache sync 10 at Sun Jun 14 14:14:07 UTC 2026
Cache sync 11 at Sun Jun 14 14:14:07 UTC 2026
Cache sync 12 at Sun Jun 14 14:14:07 UTC 2026
Cache sync 13 at Sun Jun 14 14:14:07 UTC 2026
Cache sync 14 at Sun Jun 14 14:14:07 UTC 2026
Cache sync 15 at Sun Jun 14 14:14:07 UTC 2026
Cache sync 16 at Sun Jun 14 14:14:07 UTC 2026
Cache sync 17 at Sun Jun 14 14:14:07 UTC 2026
Cache sync 18 at Sun Jun 14 14:14:07 UTC 2026
Cache sync 19 at Sun Jun 14 14:14:07 UTC 2026
Cache sync 20 at Sun Jun 14 14:14:07 UTC 2026
Cache sync 21 at Sun Jun 14 14:14:07 UTC 2026
Cache sync 22 at Sun Jun 14 14:14:07 UTC 2026
Cache sync 23 at Sun Jun 14 14:14:07 UTC 2026
Cache sync 24 at Sun Jun 14 14:14:07 UTC 2026
Cache sync 25 at Sun Jun 14 14:14:07 UTC 2026
Cache sync 26 at Sun Jun 14 14:14:07 UTC 2026
Cache sync 27 at Sun Jun 14 14:14:08 UTC 2026
Cache sync 28 at Sun Jun 14 14:14:08 UTC 2026
Cache sync 29 at Sun Jun 14 14:14:08 UTC 2026
Cache sync 30 at Sun Jun 14 14:14:08 UTC 2026
Cache sync 31 at Sun Jun 14 14:14:08 UTC 2026
Cache sync 1 at Mon Jun 15 04:57:03 UTC 2026
Cache sync 2 at Mon Jun 15 04:57:03 UTC 2026
Cache sync 3 at Mon Jun 15 04:57:03 UTC 2026
Cache sync 4 at Mon Jun 15 04:57:03 UTC 2026
Cache sync 5 at Mon Jun 15 04:57:03 UTC 2026
Cache sync 6 at Mon Jun 15 04:57:03 UTC 2026
Cache sync 7 at Mon Jun 15 04:57:03 UTC 2026
Cache sync 8 at Mon Jun 15 04:57:03 UTC 2026
Cache sync 9 at Mon Jun 15 04:57:03 UTC 2026
Cache sync 10 at Mon Jun 15 04:57:03 UTC 2026
Cache sync 11 at Mon Jun 15 04:57:03 UTC 2026
Cache sync 12 at Mon Jun 15 04:57:03 UTC 2026
Cache sync 1 at Mon Jun 15 17:20:43 UTC 2026
Cache sync 2 at Mon Jun 15 17:20:43 UTC 2026
Cache sync 3 at Mon Jun 15 17:20:43 UTC 2026
Cache sync 4 at Mon Jun 15 17:20:43 UTC 2026
Cache sync 5 at Mon Jun 15 17:20:43 UTC 2026
Cache sync 6 at Mon Jun 15 17:20:43 UTC 2026
Cache sync 7 at Mon Jun 15 17:20:43 UTC 2026
Cache sync 8 at Mon Jun 15 17:20:43 UTC 2026
Cache sync 9 at Mon Jun 15 17:20:43 UTC 2026
Cache sync 10 at Mon Jun 15 17:20:43 UTC 2026
Cache sync 11 at Mon Jun 15 17:20:43 UTC 2026
Cache sync 12 at Mon Jun 15 17:20:43 UTC 2026
Cache sync 13 at Mon Jun 15 17:20:43 UTC 2026
Cache sync 14 at Mon Jun 15 17:20:43 UTC 2026
Cache sync 1 at Tue Jun 16 04:56:15 UTC 2026
Cache sync 2 at Tue Jun 16 04:56:15 UTC 2026
Cache sync 3 at Tue Jun 16 04:56:15 UTC 2026
Cache sync 4 at Tue Jun 16 04:56:15 UTC 2026
Cache sync 5 at Tue Jun 16 04:56:16 UTC 2026
Cache sync 6 at Tue Jun 16 04:56:16 UTC 2026
Cache sync 7 at Tue Jun 16 04:56:16 UTC 2026
Cache sync 8 at Tue Jun 16 04:56:16 UTC 2026
Cache sync 9 at Tue Jun 16 04:56:16 UTC 2026
Cache sync 10 at Tue Jun 16 04:56:16 UTC 2026
Cache sync 11 at Tue Jun 16 04:56:16 UTC 2026
Cache sync 12 at Tue Jun 16 04:56:16 UTC 2026
Cache sync 13 at Tue Jun 16 04:56:16 UTC 2026
Cache sync 14 at Tue Jun 16 04:56:16 UTC 2026
Cache sync 15 at Tue Jun 16 04:56:16 UTC 2026
Cache sync 16 at Tue Jun 16 04:56:16 UTC 2026
Cache sync 17 at Tue Jun 16 04:56:16 UTC 2026
Cache sync 18 at Tue Jun 16 04:56:16 UTC 2026
Cache sync 19 at Tue Jun 16 04:56:16 UTC 2026
Cache sync 20 at Tue Jun 16 04:56:16 UTC 2026
Cache sync 21 at Tue Jun 16 04:56:16 UTC 2026
Cache sync 22 at Tue Jun 16 04:56:16 UTC 2026
Cache sync 23 at Tue Jun 16 04:56:16 UTC 2026
Cache sync 24 at Tue Jun 16 04:56:16 UTC 2026
Cache sync 25 at Tue Jun 16 04:56:16 UTC 2026
Cache sync 26 at Tue Jun 16 04:56:16 UTC 2026
Cache sync 27 at Tue Jun 16 04:56:16 UTC 2026
Cache sync 28 at Tue Jun 16 04:56:16 UTC 2026
Cache sync 29 at Tue Jun 16 04:56:16 UTC 2026
Cache sync 30 at Tue Jun 16 04:56:16 UTC 2026
Cache sync 31 at Tue Jun 16 04:56:16 UTC 2026
Cache sync 32 at Tue Jun 16 04:56:16 UTC 2026
Cache sync 33 at Tue Jun 16 04:56:16 UTC 2026
Cache sync 34 at Tue Jun 16 04:56:16 UTC 2026
Cache sync 35 at Tue Jun 16 04:56:16 UTC 2026
Cache sync 36 at Tue Jun 16 04:56:16 UTC 2026
Cache sync 37 at Tue Jun 16 04:56:16 UTC 2026
Cache sync 38 at Tue Jun 16 04:56:16 UTC 2026
Cache sync 39 at Tue Jun 16 04:56:16 UTC 2026
Cache sync 40 at Tue Jun 16 04:56:16 UTC 2026
Cache sync 41 at Tue Jun 16 04:56:16 UTC 2026
Cache sync 42 at Tue Jun 16 04:56:16 UTC 2026
Cache sync 43 at Tue Jun 16 04:56:16 UTC 2026
Cache sync 44 at Tue Jun 16 04:56:16 UTC 2026
Cache sync 45 at Tue Jun 16 04:56:16 UTC 2026
Cache sync 46 at Tue Jun 16 04:56:16 UTC 2026
Cache sync 47 at Tue Jun 16 04:56:16 UTC 2026
Cache sync 48 at Tue Jun 16 04:56:16 UTC 2026
Cache sync 49 at Tue Jun 16 04:56:16 UTC 2026
Cache sync 50 at Tue Jun 16 04:56:16 UTC 2026
Cache sync 51 at Tue Jun 16 04:56:16 UTC 2026
Cache sync 52 at Tue Jun 16 04:56:16 UTC 2026
Cache sync 53 at Tue Jun 16 04:56:16 UTC 2026
Cache sync 54 at Tue Jun 16 04:56:16 UTC 2026
Cache sync 55 at Tue Jun 16 04:56:16 UTC 2026
Cache sync 56 at Tue Jun 16 04:56:16 UTC 2026
Cache sync 57 at Tue Jun 16 04:56:16 UTC 2026
Cache sync 1 at Tue Jun 16 17:04:00 UTC 2026
Cache sync 2 at Tue Jun 16 17:04:00 UTC 2026
Cache sync 3 at Tue Jun 16 17:04:00 UTC 2026
Cache sync 4 at Tue Jun 16 17:04:00 UTC 2026
Cache sync 5 at Tue Jun 16 17:04:00 UTC 2026
Cache sync 6 at Tue Jun 16 17:04:00 UTC 2026
Cache sync 7 at Tue Jun 16 17:04:00 UTC 2026
Cache sync 8 at Tue Jun 16 17:04:00 UTC 2026
Cache sync 9 at Tue Jun 16 17:04:00 UTC 2026
Cache sync 10 at Tue Jun 16 17:04:00 UTC 2026
Cache sync 11 at Tue Jun 16 17:04:00 UTC 2026
Cache sync 12 at Tue Jun 16 17:04:00 UTC 2026
Cache sync 13 at Tue Jun 16 17:04:00 UTC 2026
Cache sync 14 at Tue Jun 16 17:04:00 UTC 2026
Cache sync 15 at Tue Jun 16 17:04:00 UTC 2026
Cache sync 16 at Tue Jun 16 17:04:00 UTC 2026
Cache sync 17 at Tue Jun 16 17:04:00 UTC 2026
Cache sync 18 at Tue Jun 16 17:04:00 UTC 2026
Cache sync 19 at Tue Jun 16 17:04:00 UTC 2026
Cache sync 20 at Tue Jun 16 17:04:00 UTC 2026
Cache sync 21 at Tue Jun 16 17:04:00 UTC 2026
Cache sync 22 at Tue Jun 16 17:04:00 UTC 2026
Cache sync 23 at Tue Jun 16 17:04:00 UTC 2026
Cache sync 24 at Tue Jun 16 17:04:00 UTC 2026
Cache sync 25 at Tue Jun 16 17:04:00 UTC 2026
Cache sync 26 at Tue Jun 16 17:04:00 UTC 2026
Cache sync 27 at Tue Jun 16 17:04:00 UTC 2026
Cache sync 28 at Tue Jun 16 17:04:00 UTC 2026
Cache sync 29 at Tue Jun 16 17:04:00 UTC 2026
Cache sync 30 at Tue Jun 16 17:04:00 UTC 2026
Cache sync 31 at Tue Jun 16 17:04:00 UTC 2026
Cache sync 32 at Tue Jun 16 17:04:00 UTC 2026
Cache sync 33 at Tue Jun 16 17:04:00 UTC 2026
Cache sync 34 at Tue Jun 16 17:04:00 UTC 2026
Cache sync 35 at Tue Jun 16 17:04:00 UTC 2026
Cache sync 36 at Tue Jun 16 17:04:01 UTC 2026
Cache sync 37 at Tue Jun 16 17:04:01 UTC 2026
Cache sync 38 at Tue Jun 16 17:04:01 UTC 2026
Cache sync 39 at Tue Jun 16 17:04:01 UTC 2026
Cache sync 40 at Tue Jun 16 17:04:01 UTC 2026
Cache sync 41 at Tue Jun 16 17:04:01 UTC 2026
Cache sync 42 at Tue Jun 16 17:04:01 UTC 2026
Cache sync 1 at Wed Jun 17 04:43:12 UTC 2026
Cache sync 2 at Wed Jun 17 04:43:12 UTC 2026
Cache sync 3 at Wed Jun 17 04:43:12 UTC 2026
Cache sync 4 at Wed Jun 17 04:43:12 UTC 2026
Cache sync 1 at Wed Jun 17 15:46:41 UTC 2026
Cache sync 2 at Wed Jun 17 15:46:41 UTC 2026
Cache sync 3 at Wed Jun 17 15:46:41 UTC 2026
Cache sync 4 at Wed Jun 17 15:46:41 UTC 2026
Cache sync 5 at Wed Jun 17 15:46:41 UTC 2026
Cache sync 6 at Wed Jun 17 15:46:41 UTC 2026
Cache sync 7 at Wed Jun 17 15:46:41 UTC 2026
Cache sync 8 at Wed Jun 17 15:46:41 UTC 2026
Cache sync 9 at Wed Jun 17 15:46:41 UTC 2026
Cache sync 10 at Wed Jun 17 15:46:41 UTC 2026
Cache sync 11 at Wed Jun 17 15:46:41 UTC 2026
Cache sync 12 at Wed Jun 17 15:46:41 UTC 2026
Cache sync 13 at Wed Jun 17 15:46:41 UTC 2026
Cache sync 14 at Wed Jun 17 15:46:41 UTC 2026
Cache sync 15 at Wed Jun 17 15:46:41 UTC 2026
Cache sync 16 at Wed Jun 17 15:46:41 UTC 2026
Cache sync 17 at Wed Jun 17 15:46:41 UTC 2026
Cache sync 18 at Wed Jun 17 15:46:41 UTC 2026
Cache sync 19 at Wed Jun 17 15:46:41 UTC 2026
Cache sync 1 at Thu Jun 18 04:26:20 UTC 2026
Cache sync 2 at Thu Jun 18 04:26:20 UTC 2026
Cache sync 3 at Thu Jun 18 04:26:20 UTC 2026
Cache sync 4 at Thu Jun 18 04:26:20 UTC 2026
Cache sync 5 at Thu Jun 18 04:26:20 UTC 2026
Cache sync 6 at Thu Jun 18 04:26:20 UTC 2026
Cache sync 7 at Thu Jun 18 04:26:20 UTC 2026
Cache sync 8 at Thu Jun 18 04:26:20 UTC 2026
Cache sync 9 at Thu Jun 18 04:26:20 UTC 2026
Cache sync 10 at Thu Jun 18 04:26:20 UTC 2026
Cache sync 11 at Thu Jun 18 04:26:20 UTC 2026
Cache sync 12 at Thu Jun 18 04:26:20 UTC 2026
Cache sync 13 at Thu Jun 18 04:26:20 UTC 2026
Cache sync 14 at Thu Jun 18 04:26:20 UTC 2026
Cache sync 15 at Thu Jun 18 04:26:20 UTC 2026
Cache sync 16 at Thu Jun 18 04:26:20 UTC 2026
Cache sync 17 at Thu Jun 18 04:26:20 UTC 2026
Cache sync 18 at Thu Jun 18 04:26:20 UTC 2026
Cache sync 19 at Thu Jun 18 04:26:20 UTC 2026
Cache sync 20 at Thu Jun 18 04:26:20 UTC 2026
Cache sync 21 at Thu Jun 18 04:26:20 UTC 2026
Cache sync 22 at Thu Jun 18 04:26:20 UTC 2026
Cache sync 23 at Thu Jun 18 04:26:20 UTC 2026
Cache sync 24 at Thu Jun 18 04:26:20 UTC 2026
Cache sync 25 at Thu Jun 18 04:26:20 UTC 2026
Cache sync 26 at Thu Jun 18 04:26:20 UTC 2026
Cache sync 27 at Thu Jun 18 04:26:20 UTC 2026
Cache sync 28 at Thu Jun 18 04:26:20 UTC 2026
Cache sync 29 at Thu Jun 18 04:26:20 UTC 2026
Cache sync 30 at Thu Jun 18 04:26:20 UTC 2026
Cache sync 31 at Thu Jun 18 04:26:20 UTC 2026
Cache sync 32 at Thu Jun 18 04:26:20 UTC 2026
Cache sync 33 at Thu Jun 18 04:26:20 UTC 2026
Cache sync 34 at Thu Jun 18 04:26:20 UTC 2026
Cache sync 35 at Thu Jun 18 04:26:20 UTC 2026
Cache sync 36 at Thu Jun 18 04:26:20 UTC 2026
Cache sync 37 at Thu Jun 18 04:26:21 UTC 2026
Cache sync 38 at Thu Jun 18 04:26:21 UTC 2026
Cache sync 39 at Thu Jun 18 04:26:21 UTC 2026
Cache sync 40 at Thu Jun 18 04:26:21 UTC 2026
Cache sync 41 at Thu Jun 18 04:26:21 UTC 2026
Cache sync 42 at Thu Jun 18 04:26:21 UTC 2026
Cache sync 43 at Thu Jun 18 04:26:21 UTC 2026
Cache sync 44 at Thu Jun 18 04:26:21 UTC 2026
Cache sync 45 at Thu Jun 18 04:26:21 UTC 2026
Cache sync 46 at Thu Jun 18 04:26:21 UTC 2026
Cache sync 47 at Thu Jun 18 04:26:21 UTC 2026
Cache sync 48 at Thu Jun 18 04:26:21 UTC 2026
Cache sync 49 at Thu Jun 18 04:26:21 UTC 2026
Cache sync 50 at Thu Jun 18 04:26:21 UTC 2026
Cache sync 51 at Thu Jun 18 04:26:21 UTC 2026
Cache sync 52 at Thu Jun 18 04:26:21 UTC 2026
Cache sync 53 at Thu Jun 18 04:26:21 UTC 2026
Cache sync 54 at Thu Jun 18 04:26:21 UTC 2026
Cache sync 55 at Thu Jun 18 04:26:21 UTC 2026
Cache sync 56 at Thu Jun 18 04:26:21 UTC 2026
Cache sync 57 at Thu Jun 18 04:26:21 UTC 2026
Cache sync 58 at Thu Jun 18 04:26:21 UTC 2026
Cache sync 59 at Thu Jun 18 04:26:21 UTC 2026
Cache sync 60 at Thu Jun 18 04:26:21 UTC 2026
Cache sync 61 at Thu Jun 18 04:26:21 UTC 2026
Cache sync 62 at Thu Jun 18 04:26:21 UTC 2026
Cache sync 63 at Thu Jun 18 04:26:21 UTC 2026
Cache sync 64 at Thu Jun 18 04:26:21 UTC 2026
Cache sync 65 at Thu Jun 18 04:26:21 UTC 2026
Cache sync 66 at Thu Jun 18 04:26:21 UTC 2026
Cache sync 1 at Thu Jun 18 15:36:26 UTC 2026
Cache sync 2 at Thu Jun 18 15:36:26 UTC 2026
Cache sync 3 at Thu Jun 18 15:36:26 UTC 2026
Cache sync 4 at Thu Jun 18 15:36:26 UTC 2026
Cache sync 5 at Thu Jun 18 15:36:26 UTC 2026
Cache sync 6 at Thu Jun 18 15:36:26 UTC 2026
Cache sync 7 at Thu Jun 18 15:36:26 UTC 2026
Cache sync 8 at Thu Jun 18 15:36:26 UTC 2026
Cache sync 9 at Thu Jun 18 15:36:26 UTC 2026
Cache sync 10 at Thu Jun 18 15:36:26 UTC 2026
Cache sync 11 at Thu Jun 18 15:36:26 UTC 2026
Cache sync 12 at Thu Jun 18 15:36:26 UTC 2026
Cache sync 13 at Thu Jun 18 15:36:26 UTC 2026
Cache sync 14 at Thu Jun 18 15:36:26 UTC 2026
Cache sync 15 at Thu Jun 18 15:36:26 UTC 2026
Cache sync 16 at Thu Jun 18 15:36:26 UTC 2026
Cache sync 17 at Thu Jun 18 15:36:26 UTC 2026
Cache sync 18 at Thu Jun 18 15:36:26 UTC 2026
Cache sync 19 at Thu Jun 18 15:36:26 UTC 2026
Cache sync 20 at Thu Jun 18 15:36:26 UTC 2026
Cache sync 21 at Thu Jun 18 15:36:26 UTC 2026
Cache sync 22 at Thu Jun 18 15:36:26 UTC 2026
Cache sync 23 at Thu Jun 18 15:36:26 UTC 2026
Cache sync 24 at Thu Jun 18 15:36:26 UTC 2026
Cache sync 25 at Thu Jun 18 15:36:26 UTC 2026
Cache sync 26 at Thu Jun 18 15:36:26 UTC 2026
Cache sync 27 at Thu Jun 18 15:36:26 UTC 2026
Cache sync 28 at Thu Jun 18 15:36:26 UTC 2026
Cache sync 29 at Thu Jun 18 15:36:26 UTC 2026
Cache sync 30 at Thu Jun 18 15:36:26 UTC 2026
Cache sync 31 at Thu Jun 18 15:36:26 UTC 2026
Cache sync 32 at Thu Jun 18 15:36:26 UTC 2026
Cache sync 33 at Thu Jun 18 15:36:26 UTC 2026
Cache sync 34 at Thu Jun 18 15:36:26 UTC 2026
Cache sync 35 at Thu Jun 18 15:36:26 UTC 2026
Cache sync 36 at Thu Jun 18 15:36:26 UTC 2026
Cache sync 37 at Thu Jun 18 15:36:26 UTC 2026
Cache sync 38 at Thu Jun 18 15:36:27 UTC 2026
Cache sync 39 at Thu Jun 18 15:36:27 UTC 2026
Cache sync 40 at Thu Jun 18 15:36:27 UTC 2026
Cache sync 41 at Thu Jun 18 15:36:27 UTC 2026
Cache sync 42 at Thu Jun 18 15:36:27 UTC 2026
Cache sync 43 at Thu Jun 18 15:36:27 UTC 2026
Cache sync 44 at Thu Jun 18 15:36:27 UTC 2026
Cache sync 45 at Thu Jun 18 15:36:27 UTC 2026
Cache sync 46 at Thu Jun 18 15:36:27 UTC 2026
Cache sync 47 at Thu Jun 18 15:36:27 UTC 2026
Cache sync 48 at Thu Jun 18 15:36:27 UTC 2026
Cache sync 49 at Thu Jun 18 15:36:27 UTC 2026
Cache sync 50 at Thu Jun 18 15:36:27 UTC 2026
Cache sync 51 at Thu Jun 18 15:36:27 UTC 2026
Cache sync 52 at Thu Jun 18 15:36:27 UTC 2026
Cache sync 53 at Thu Jun 18 15:36:27 UTC 2026
Cache sync 1 at Fri Jun 19 04:53:46 UTC 2026
Cache sync 2 at Fri Jun 19 04:53:46 UTC 2026
Cache sync 3 at Fri Jun 19 04:53:46 UTC 2026
Cache sync 4 at Fri Jun 19 04:53:46 UTC 2026
Cache sync 5 at Fri Jun 19 04:53:46 UTC 2026
Cache sync 6 at Fri Jun 19 04:53:46 UTC 2026
Cache sync 7 at Fri Jun 19 04:53:46 UTC 2026
Cache sync 8 at Fri Jun 19 04:53:46 UTC 2026
Cache sync 9 at Fri Jun 19 04:53:46 UTC 2026
Cache sync 10 at Fri Jun 19 04:53:46 UTC 2026
Cache sync 11 at Fri Jun 19 04:53:46 UTC 2026
Cache sync 12 at Fri Jun 19 04:53:46 UTC 2026
Cache sync 13 at Fri Jun 19 04:53:46 UTC 2026
Cache sync 14 at Fri Jun 19 04:53:46 UTC 2026
Cache sync 15 at Fri Jun 19 04:53:46 UTC 2026
Cache sync 16 at Fri Jun 19 04:53:46 UTC 2026
Cache sync 17 at Fri Jun 19 04:53:46 UTC 2026
Cache sync 18 at Fri Jun 19 04:53:46 UTC 2026
Cache sync 19 at Fri Jun 19 04:53:46 UTC 2026
Cache sync 20 at Fri Jun 19 04:53:46 UTC 2026
Cache sync 21 at Fri Jun 19 04:53:46 UTC 2026
Cache sync 22 at Fri Jun 19 04:53:47 UTC 2026
Cache sync 23 at Fri Jun 19 04:53:47 UTC 2026
Cache sync 24 at Fri Jun 19 04:53:47 UTC 2026
Cache sync 25 at Fri Jun 19 04:53:47 UTC 2026
Cache sync 26 at Fri Jun 19 04:53:47 UTC 2026
Cache sync 27 at Fri Jun 19 04:53:47 UTC 2026
Cache sync 28 at Fri Jun 19 04:53:47 UTC 2026
Cache sync 29 at Fri Jun 19 04:53:47 UTC 2026
Cache sync 30 at Fri Jun 19 04:53:47 UTC 2026
Cache sync 31 at Fri Jun 19 04:53:47 UTC 2026
Cache sync 32 at Fri Jun 19 04:53:47 UTC 2026
Cache sync 33 at Fri Jun 19 04:53:47 UTC 2026
Cache sync 34 at Fri Jun 19 04:53:47 UTC 2026
Cache sync 35 at Fri Jun 19 04:53:47 UTC 2026
Cache sync 36 at Fri Jun 19 04:53:47 UTC 2026
Cache sync 37 at Fri Jun 19 04:53:47 UTC 2026
Cache sync 38 at Fri Jun 19 04:53:47 UTC 2026
Cache sync 39 at Fri Jun 19 04:53:47 UTC 2026
Cache sync 40 at Fri Jun 19 04:53:47 UTC 2026
Cache sync 41 at Fri Jun 19 04:53:47 UTC 2026
Cache sync 42 at Fri Jun 19 04:53:47 UTC 2026
Cache sync 43 at Fri Jun 19 04:53:47 UTC 2026
Cache sync 44 at Fri Jun 19 04:53:47 UTC 2026
Cache sync 45 at Fri Jun 19 04:53:47 UTC 2026
Cache sync 46 at Fri Jun 19 04:53:47 UTC 2026
Cache sync 47 at Fri Jun 19 04:53:47 UTC 2026
Cache sync 48 at Fri Jun 19 04:53:47 UTC 2026
Cache sync 49 at Fri Jun 19 04:53:47 UTC 2026
Cache sync 50 at Fri Jun 19 04:53:47 UTC 2026
Cache sync 51 at Fri Jun 19 04:53:47 UTC 2026
Cache sync 52 at Fri Jun 19 04:53:47 UTC 2026
Cache sync 53 at Fri Jun 19 04:53:47 UTC 2026
Cache sync 54 at Fri Jun 19 04:53:47 UTC 2026
Cache sync 55 at Fri Jun 19 04:53:47 UTC 2026
Cache sync 56 at Fri Jun 19 04:53:47 UTC 2026
Cache sync 57 at Fri Jun 19 04:53:47 UTC 2026
Cache sync 58 at Fri Jun 19 04:53:47 UTC 2026
Cache sync 59 at Fri Jun 19 04:53:47 UTC 2026
Cache sync 60 at Fri Jun 19 04:53:47 UTC 2026
Cache sync 61 at Fri Jun 19 04:53:47 UTC 2026
Cache sync 62 at Fri Jun 19 04:53:47 UTC 2026
Cache sync 63 at Fri Jun 19 04:53:47 UTC 2026
Cache sync 64 at Fri Jun 19 04:53:47 UTC 2026
Cache sync 65 at Fri Jun 19 04:53:47 UTC 2026
Cache sync 66 at Fri Jun 19 04:53:47 UTC 2026
Cache sync 67 at Fri Jun 19 04:53:47 UTC 2026
Cache sync 68 at Fri Jun 19 04:53:47 UTC 2026
Cache sync 69 at Fri Jun 19 04:53:47 UTC 2026
Cache sync 70 at Fri Jun 19 04:53:47 UTC 2026
Cache sync 71 at Fri Jun 19 04:53:47 UTC 2026
Cache sync 72 at Fri Jun 19 04:53:47 UTC 2026
Cache sync 73 at Fri Jun 19 04:53:47 UTC 2026
Cache sync 74 at Fri Jun 19 04:53:47 UTC 2026
Cache sync 75 at Fri Jun 19 04:53:47 UTC 2026
Cache sync 1 at Fri Jun 19 15:30:38 UTC 2026
Cache sync 2 at Fri Jun 19 15:30:38 UTC 2026
Cache sync 1 at Sat Jun 20 04:08:35 UTC 2026
Cache sync 2 at Sat Jun 20 04:08:35 UTC 2026
Cache sync 3 at Sat Jun 20 04:08:35 UTC 2026
Cache sync 4 at Sat Jun 20 04:08:35 UTC 2026
Cache sync 5 at Sat Jun 20 04:08:35 UTC 2026
Cache sync 6 at Sat Jun 20 04:08:35 UTC 2026
Cache sync 7 at Sat Jun 20 04:08:35 UTC 2026
Cache sync 8 at Sat Jun 20 04:08:35 UTC 2026
Cache sync 9 at Sat Jun 20 04:08:35 UTC 2026
Cache sync 10 at Sat Jun 20 04:08:35 UTC 2026
Cache sync 11 at Sat Jun 20 04:08:35 UTC 2026
Cache sync 12 at Sat Jun 20 04:08:35 UTC 2026
Cache sync 13 at Sat Jun 20 04:08:35 UTC 2026
Cache sync 14 at Sat Jun 20 04:08:35 UTC 2026
Cache sync 15 at Sat Jun 20 04:08:35 UTC 2026
Cache sync 16 at Sat Jun 20 04:08:36 UTC 2026
Cache sync 17 at Sat Jun 20 04:08:36 UTC 2026
Cache sync 18 at Sat Jun 20 04:08:36 UTC 2026
Cache sync 19 at Sat Jun 20 04:08:36 UTC 2026
Cache sync 20 at Sat Jun 20 04:08:36 UTC 2026
Cache sync 21 at Sat Jun 20 04:08:36 UTC 2026
Cache sync 22 at Sat Jun 20 04:08:36 UTC 2026
Cache sync 23 at Sat Jun 20 04:08:36 UTC 2026
Cache sync 24 at Sat Jun 20 04:08:36 UTC 2026
Cache sync 25 at Sat Jun 20 04:08:36 UTC 2026
Cache sync 26 at Sat Jun 20 04:08:36 UTC 2026
Cache sync 27 at Sat Jun 20 04:08:36 UTC 2026
Cache sync 28 at Sat Jun 20 04:08:36 UTC 2026
Cache sync 29 at Sat Jun 20 04:08:36 UTC 2026
Cache sync 30 at Sat Jun 20 04:08:36 UTC 2026
Cache sync 31 at Sat Jun 20 04:08:36 UTC 2026
Cache sync 32 at Sat Jun 20 04:08:36 UTC 2026
Cache sync 33 at Sat Jun 20 04:08:36 UTC 2026
Cache sync 34 at Sat Jun 20 04:08:36 UTC 2026
Cache sync 35 at Sat Jun 20 04:08:36 UTC 2026
Cache sync 36 at Sat Jun 20 04:08:36 UTC 2026
Cache sync 37 at Sat Jun 20 04:08:36 UTC 2026
Cache sync 38 at Sat Jun 20 04:08:36 UTC 2026
Cache sync 39 at Sat Jun 20 04:08:36 UTC 2026
Cache sync 40 at Sat Jun 20 04:08:36 UTC 2026
Cache sync 41 at Sat Jun 20 04:08:36 UTC 2026
Cache sync 42 at Sat Jun 20 04:08:36 UTC 2026
Cache sync 43 at Sat Jun 20 04:08:36 UTC 2026
Cache sync 44 at Sat Jun 20 04:08:36 UTC 2026
Cache sync 45 at Sat Jun 20 04:08:36 UTC 2026
Cache sync 46 at Sat Jun 20 04:08:36 UTC 2026
Cache sync 47 at Sat Jun 20 04:08:36 UTC 2026
Cache sync 48 at Sat Jun 20 04:08:36 UTC 2026
Cache sync 49 at Sat Jun 20 04:08:36 UTC 2026
Cache sync 50 at Sat Jun 20 04:08:36 UTC 2026
Cache sync 51 at Sat Jun 20 04:08:36 UTC 2026
Cache sync 52 at Sat Jun 20 04:08:36 UTC 2026
Cache sync 53 at Sat Jun 20 04:08:36 UTC 2026
Cache sync 54 at Sat Jun 20 04:08:36 UTC 2026
Cache sync 55 at Sat Jun 20 04:08:36 UTC 2026
Cache sync 56 at Sat Jun 20 04:08:36 UTC 2026
Cache sync 57 at Sat Jun 20 04:08:36 UTC 2026
Cache sync 58 at Sat Jun 20 04:08:36 UTC 2026
Cache sync 59 at Sat Jun 20 04:08:36 UTC 2026
Cache sync 60 at Sat Jun 20 04:08:36 UTC 2026
Cache sync 61 at Sat Jun 20 04:08:36 UTC 2026
Cache sync 62 at Sat Jun 20 04:08:36 UTC 2026
Cache sync 63 at Sat Jun 20 04:08:36 UTC 2026
Cache sync 64 at Sat Jun 20 04:08:36 UTC 2026
Cache sync 65 at Sat Jun 20 04:08:36 UTC 2026
Cache sync 66 at Sat Jun 20 04:08:36 UTC 2026
Cache sync 67 at Sat Jun 20 04:08:36 UTC 2026
Cache sync 68 at Sat Jun 20 04:08:36 UTC 2026
Cache sync 69 at Sat Jun 20 04:08:36 UTC 2026
Cache sync 70 at Sat Jun 20 04:08:36 UTC 2026
Cache sync 71 at Sat Jun 20 04:08:36 UTC 2026
Cache sync 72 at Sat Jun 20 04:08:36 UTC 2026
Cache sync 73 at Sat Jun 20 04:08:36 UTC 2026
Cache sync 1 at Sat Jun 20 14:13:28 UTC 2026
Cache sync 2 at Sat Jun 20 14:13:28 UTC 2026
Cache sync 3 at Sat Jun 20 14:13:28 UTC 2026
Cache sync 4 at Sat Jun 20 14:13:28 UTC 2026
Cache sync 5 at Sat Jun 20 14:13:28 UTC 2026
Cache sync 6 at Sat Jun 20 14:13:28 UTC 2026
Cache sync 7 at Sat Jun 20 14:13:28 UTC 2026
Cache sync 8 at Sat Jun 20 14:13:28 UTC 2026
Cache sync 9 at Sat Jun 20 14:13:28 UTC 2026
Cache sync 10 at Sat Jun 20 14:13:28 UTC 2026
Cache sync 11 at Sat Jun 20 14:13:28 UTC 2026
Cache sync 12 at Sat Jun 20 14:13:28 UTC 2026
Cache sync 13 at Sat Jun 20 14:13:28 UTC 2026
Cache sync 14 at Sat Jun 20 14:13:28 UTC 2026
Cache sync 15 at Sat Jun 20 14:13:28 UTC 2026
Cache sync 16 at Sat Jun 20 14:13:28 UTC 2026
Cache sync 17 at Sat Jun 20 14:13:28 UTC 2026
Cache sync 18 at Sat Jun 20 14:13:28 UTC 2026
Cache sync 19 at Sat Jun 20 14:13:28 UTC 2026
Cache sync 20 at Sat Jun 20 14:13:29 UTC 2026
Cache sync 21 at Sat Jun 20 14:13:29 UTC 2026
Cache sync 22 at Sat Jun 20 14:13:29 UTC 2026
Cache sync 23 at Sat Jun 20 14:13:29 UTC 2026
Cache sync 24 at Sat Jun 20 14:13:29 UTC 2026
Cache sync 25 at Sat Jun 20 14:13:29 UTC 2026
Cache sync 26 at Sat Jun 20 14:13:29 UTC 2026
Cache sync 27 at Sat Jun 20 14:13:29 UTC 2026
Cache sync 28 at Sat Jun 20 14:13:29 UTC 2026
Cache sync 29 at Sat Jun 20 14:13:29 UTC 2026
Cache sync 30 at Sat Jun 20 14:13:29 UTC 2026
Cache sync 31 at Sat Jun 20 14:13:29 UTC 2026
Cache sync 32 at Sat Jun 20 14:13:29 UTC 2026
Cache sync 33 at Sat Jun 20 14:13:29 UTC 2026
Cache sync 34 at Sat Jun 20 14:13:29 UTC 2026
Cache sync 35 at Sat Jun 20 14:13:29 UTC 2026
Cache sync 36 at Sat Jun 20 14:13:29 UTC 2026
Cache sync 37 at Sat Jun 20 14:13:29 UTC 2026
Cache sync 38 at Sat Jun 20 14:13:29 UTC 2026
Cache sync 39 at Sat Jun 20 14:13:29 UTC 2026
Cache sync 40 at Sat Jun 20 14:13:29 UTC 2026
Cache sync 41 at Sat Jun 20 14:13:29 UTC 2026
Cache sync 42 at Sat Jun 20 14:13:29 UTC 2026
Cache sync 43 at Sat Jun 20 14:13:29 UTC 2026
Cache sync 44 at Sat Jun 20 14:13:29 UTC 2026
Cache sync 45 at Sat Jun 20 14:13:29 UTC 2026
Cache sync 46 at Sat Jun 20 14:13:29 UTC 2026
Cache sync 47 at Sat Jun 20 14:13:29 UTC 2026
Cache sync 48 at Sat Jun 20 14:13:29 UTC 2026
Cache sync 49 at Sat Jun 20 14:13:29 UTC 2026
Cache sync 50 at Sat Jun 20 14:13:29 UTC 2026
Cache sync 51 at Sat Jun 20 14:13:29 UTC 2026
Cache sync 52 at Sat Jun 20 14:13:29 UTC 2026
Cache sync 53 at Sat Jun 20 14:13:29 UTC 2026
Cache sync 54 at Sat Jun 20 14:13:29 UTC 2026
Cache sync 55 at Sat Jun 20 14:13:29 UTC 2026
Cache sync 56 at Sat Jun 20 14:13:29 UTC 2026
Cache sync 57 at Sat Jun 20 14:13:29 UTC 2026
Cache sync 1 at Sun Jun 21 04:49:49 UTC 2026
Cache sync 2 at Sun Jun 21 04:49:49 UTC 2026
Cache sync 3 at Sun Jun 21 04:49:49 UTC 2026
Cache sync 4 at Sun Jun 21 04:49:49 UTC 2026
Cache sync 5 at Sun Jun 21 04:49:49 UTC 2026
Cache sync 6 at Sun Jun 21 04:49:49 UTC 2026
Cache sync 7 at Sun Jun 21 04:49:49 UTC 2026
Cache sync 8 at Sun Jun 21 04:49:49 UTC 2026
Cache sync 9 at Sun Jun 21 04:49:49 UTC 2026
Cache sync 10 at Sun Jun 21 04:49:49 UTC 2026
Cache sync 11 at Sun Jun 21 04:49:49 UTC 2026
Cache sync 12 at Sun Jun 21 04:49:49 UTC 2026
Cache sync 13 at Sun Jun 21 04:49:49 UTC 2026
Cache sync 14 at Sun Jun 21 04:49:49 UTC 2026
Cache sync 15 at Sun Jun 21 04:49:49 UTC 2026
Cache sync 16 at Sun Jun 21 04:49:49 UTC 2026
Cache sync 17 at Sun Jun 21 04:49:49 UTC 2026
Cache sync 18 at Sun Jun 21 04:49:49 UTC 2026
Cache sync 19 at Sun Jun 21 04:49:49 UTC 2026
Cache sync 20 at Sun Jun 21 04:49:49 UTC 2026
Cache sync 21 at Sun Jun 21 04:49:49 UTC 2026
Cache sync 22 at Sun Jun 21 04:49:49 UTC 2026
Cache sync 23 at Sun Jun 21 04:49:49 UTC 2026
Cache sync 24 at Sun Jun 21 04:49:49 UTC 2026
Cache sync 25 at Sun Jun 21 04:49:49 UTC 2026
Cache sync 26 at Sun Jun 21 04:49:49 UTC 2026
Cache sync 27 at Sun Jun 21 04:49:49 UTC 2026
Cache sync 28 at Sun Jun 21 04:49:49 UTC 2026
Cache sync 29 at Sun Jun 21 04:49:49 UTC 2026
Cache sync 30 at Sun Jun 21 04:49:49 UTC 2026
Cache sync 31 at Sun Jun 21 04:49:49 UTC 2026
Cache sync 32 at Sun Jun 21 04:49:49 UTC 2026
Cache sync 33 at Sun Jun 21 04:49:49 UTC 2026
Cache sync 34 at Sun Jun 21 04:49:49 UTC 2026
Cache sync 35 at Sun Jun 21 04:49:49 UTC 2026
Cache sync 36 at Sun Jun 21 04:49:49 UTC 2026
Cache sync 37 at Sun Jun 21 04:49:49 UTC 2026
Cache sync 38 at Sun Jun 21 04:49:49 UTC 2026
Cache sync 1 at Sun Jun 21 14:20:54 UTC 2026
Cache sync 2 at Sun Jun 21 14:20:54 UTC 2026
Cache sync 3 at Sun Jun 21 14:20:54 UTC 2026
Cache sync 4 at Sun Jun 21 14:20:54 UTC 2026
Cache sync 5 at Sun Jun 21 14:20:54 UTC 2026
Cache sync 6 at Sun Jun 21 14:20:54 UTC 2026
Cache sync 7 at Sun Jun 21 14:20:54 UTC 2026
Cache sync 8 at Sun Jun 21 14:20:54 UTC 2026
Cache sync 9 at Sun Jun 21 14:20:54 UTC 2026
Cache sync 10 at Sun Jun 21 14:20:54 UTC 2026
Cache sync 11 at Sun Jun 21 14:20:54 UTC 2026
Cache sync 12 at Sun Jun 21 14:20:54 UTC 2026
Cache sync 13 at Sun Jun 21 14:20:54 UTC 2026
Cache sync 14 at Sun Jun 21 14:20:54 UTC 2026
Cache sync 15 at Sun Jun 21 14:20:54 UTC 2026
Cache sync 16 at Sun Jun 21 14:20:54 UTC 2026
Cache sync 17 at Sun Jun 21 14:20:54 UTC 2026
Cache sync 18 at Sun Jun 21 14:20:54 UTC 2026
Cache sync 19 at Sun Jun 21 14:20:54 UTC 2026
Cache sync 20 at Sun Jun 21 14:20:54 UTC 2026
Cache sync 21 at Sun Jun 21 14:20:54 UTC 2026
Cache sync 22 at Sun Jun 21 14:20:54 UTC 2026
Cache sync 23 at Sun Jun 21 14:20:54 UTC 2026
Cache sync 24 at Sun Jun 21 14:20:55 UTC 2026
Cache sync 25 at Sun Jun 21 14:20:55 UTC 2026
Cache sync 26 at Sun Jun 21 14:20:55 UTC 2026
Cache sync 27 at Sun Jun 21 14:20:55 UTC 2026
Cache sync 28 at Sun Jun 21 14:20:55 UTC 2026
Cache sync 29 at Sun Jun 21 14:20:55 UTC 2026
Cache sync 30 at Sun Jun 21 14:20:55 UTC 2026
Cache sync 31 at Sun Jun 21 14:20:55 UTC 2026
Cache sync 32 at Sun Jun 21 14:20:55 UTC 2026
Cache sync 33 at Sun Jun 21 14:20:55 UTC 2026
Cache sync 34 at Sun Jun 21 14:20:55 UTC 2026
Cache sync 35 at Sun Jun 21 14:20:55 UTC 2026
Cache sync 36 at Sun Jun 21 14:20:55 UTC 2026
Cache sync 37 at Sun Jun 21 14:20:55 UTC 2026
Cache sync 38 at Sun Jun 21 14:20:55 UTC 2026
Cache sync 39 at Sun Jun 21 14:20:55 UTC 2026
Cache sync 40 at Sun Jun 21 14:20:55 UTC 2026
Cache sync 41 at Sun Jun 21 14:20:55 UTC 2026
Cache sync 42 at Sun Jun 21 14:20:55 UTC 2026
Cache sync 43 at Sun Jun 21 14:20:55 UTC 2026
Cache sync 44 at Sun Jun 21 14:20:55 UTC 2026
Cache sync 45 at Sun Jun 21 14:20:55 UTC 2026
Cache sync 46 at Sun Jun 21 14:20:55 UTC 2026
Cache sync 47 at Sun Jun 21 14:20:55 UTC 2026
Cache sync 48 at Sun Jun 21 14:20:55 UTC 2026
Cache sync 49 at Sun Jun 21 14:20:55 UTC 2026
Cache sync 50 at Sun Jun 21 14:20:55 UTC 2026
Cache sync 51 at Sun Jun 21 14:20:55 UTC 2026
Cache sync 52 at Sun Jun 21 14:20:55 UTC 2026
Cache sync 53 at Sun Jun 21 14:20:55 UTC 2026
Cache sync 54 at Sun Jun 21 14:20:55 UTC 2026
Cache sync 55 at Sun Jun 21 14:20:55 UTC 2026
Cache sync 56 at Sun Jun 21 14:20:55 UTC 2026
Cache sync 57 at Sun Jun 21 14:20:55 UTC 2026
Cache sync 58 at Sun Jun 21 14:20:55 UTC 2026
Cache sync 59 at Sun Jun 21 14:20:55 UTC 2026
Cache sync 60 at Sun Jun 21 14:20:55 UTC 2026
Cache sync 61 at Sun Jun 21 14:20:55 UTC 2026
Cache sync 62 at Sun Jun 21 14:20:55 UTC 2026
Cache sync 63 at Sun Jun 21 14:20:55 UTC 2026
Cache sync 64 at Sun Jun 21 14:20:55 UTC 2026
Cache sync 65 at Sun Jun 21 14:20:55 UTC 2026
Cache sync 66 at Sun Jun 21 14:20:55 UTC 2026
Cache sync 67 at Sun Jun 21 14:20:55 UTC 2026
Cache sync 68 at Sun Jun 21 14:20:55 UTC 2026
Cache sync 69 at Sun Jun 21 14:20:55 UTC 2026
Cache sync 70 at Sun Jun 21 14:20:55 UTC 2026
Cache sync 71 at Sun Jun 21 14:20:55 UTC 2026
Cache sync 72 at Sun Jun 21 14:20:55 UTC 2026
Cache sync 73 at Sun Jun 21 14:20:55 UTC 2026
Cache sync 74 at Sun Jun 21 14:20:55 UTC 2026
Cache sync 75 at Sun Jun 21 14:20:55 UTC 2026
Cache sync 76 at Sun Jun 21 14:20:55 UTC 2026
Cache sync 77 at Sun Jun 21 14:20:55 UTC 2026
Cache sync 78 at Sun Jun 21 14:20:55 UTC 2026
Cache sync 79 at Sun Jun 21 14:20:55 UTC 2026
Cache sync 1 at Mon Jun 22 04:58:18 UTC 2026
Cache sync 2 at Mon Jun 22 04:58:18 UTC 2026
Cache sync 3 at Mon Jun 22 04:58:18 UTC 2026
Cache sync 4 at Mon Jun 22 04:58:18 UTC 2026
Cache sync 5 at Mon Jun 22 04:58:18 UTC 2026
Cache sync 6 at Mon Jun 22 04:58:18 UTC 2026
Cache sync 7 at Mon Jun 22 04:58:18 UTC 2026
Cache sync 8 at Mon Jun 22 04:58:18 UTC 2026
Cache sync 9 at Mon Jun 22 04:58:18 UTC 2026
Cache sync 10 at Mon Jun 22 04:58:18 UTC 2026
Cache sync 11 at Mon Jun 22 04:58:18 UTC 2026
Cache sync 12 at Mon Jun 22 04:58:18 UTC 2026
Cache sync 13 at Mon Jun 22 04:58:18 UTC 2026
Cache sync 14 at Mon Jun 22 04:58:19 UTC 2026
Cache sync 15 at Mon Jun 22 04:58:19 UTC 2026
Cache sync 1 at Mon Jun 22 17:04:50 UTC 2026
Cache sync 2 at Mon Jun 22 17:04:50 UTC 2026
Cache sync 3 at Mon Jun 22 17:04:50 UTC 2026
Cache sync 4 at Mon Jun 22 17:04:50 UTC 2026
Cache sync 5 at Mon Jun 22 17:04:50 UTC 2026
Cache sync 6 at Mon Jun 22 17:04:50 UTC 2026
Cache sync 7 at Mon Jun 22 17:04:50 UTC 2026
Cache sync 8 at Mon Jun 22 17:04:50 UTC 2026
Cache sync 9 at Mon Jun 22 17:04:50 UTC 2026
Cache sync 10 at Mon Jun 22 17:04:50 UTC 2026
Cache sync 11 at Mon Jun 22 17:04:50 UTC 2026
Cache sync 12 at Mon Jun 22 17:04:50 UTC 2026
Cache sync 13 at Mon Jun 22 17:04:50 UTC 2026
Cache sync 14 at Mon Jun 22 17:04:50 UTC 2026
Cache sync 15 at Mon Jun 22 17:04:50 UTC 2026
Cache sync 16 at Mon Jun 22 17:04:50 UTC 2026
Cache sync 17 at Mon Jun 22 17:04:50 UTC 2026
Cache sync 18 at Mon Jun 22 17:04:50 UTC 2026
Cache sync 19 at Mon Jun 22 17:04:50 UTC 2026
Cache sync 20 at Mon Jun 22 17:04:50 UTC 2026
Cache sync 21 at Mon Jun 22 17:04:50 UTC 2026
Cache sync 22 at Mon Jun 22 17:04:50 UTC 2026
Cache sync 23 at Mon Jun 22 17:04:50 UTC 2026
Cache sync 24 at Mon Jun 22 17:04:50 UTC 2026
Cache sync 25 at Mon Jun 22 17:04:50 UTC 2026
Cache sync 26 at Mon Jun 22 17:04:50 UTC 2026
Cache sync 27 at Mon Jun 22 17:04:50 UTC 2026
Cache sync 28 at Mon Jun 22 17:04:50 UTC 2026
Cache sync 29 at Mon Jun 22 17:04:50 UTC 2026
Cache sync 30 at Mon Jun 22 17:04:50 UTC 2026
Cache sync 31 at Mon Jun 22 17:04:50 UTC 2026
Cache sync 32 at Mon Jun 22 17:04:50 UTC 2026
Cache sync 33 at Mon Jun 22 17:04:50 UTC 2026
Cache sync 34 at Mon Jun 22 17:04:50 UTC 2026
Cache sync 35 at Mon Jun 22 17:04:50 UTC 2026
Cache sync 36 at Mon Jun 22 17:04:50 UTC 2026
Cache sync 37 at Mon Jun 22 17:04:50 UTC 2026
Cache sync 38 at Mon Jun 22 17:04:50 UTC 2026
Cache sync 39 at Mon Jun 22 17:04:50 UTC 2026
Cache sync 40 at Mon Jun 22 17:04:50 UTC 2026
Cache sync 41 at Mon Jun 22 17:04:50 UTC 2026
Cache sync 42 at Mon Jun 22 17:04:50 UTC 2026
Cache sync 43 at Mon Jun 22 17:04:50 UTC 2026
Cache sync 44 at Mon Jun 22 17:04:50 UTC 2026
Cache sync 45 at Mon Jun 22 17:04:50 UTC 2026
Cache sync 46 at Mon Jun 22 17:04:50 UTC 2026
Cache sync 47 at Mon Jun 22 17:04:50 UTC 2026
Cache sync 1 at Tue Jun 23 03:58:52 UTC 2026
Cache sync 2 at Tue Jun 23 03:58:52 UTC 2026
Cache sync 3 at Tue Jun 23 03:58:52 UTC 2026
Cache sync 4 at Tue Jun 23 03:58:52 UTC 2026
Cache sync 5 at Tue Jun 23 03:58:52 UTC 2026
Cache sync 6 at Tue Jun 23 03:58:52 UTC 2026
Cache sync 7 at Tue Jun 23 03:58:52 UTC 2026
Cache sync 8 at Tue Jun 23 03:58:52 UTC 2026
Cache sync 9 at Tue Jun 23 03:58:52 UTC 2026
Cache sync 10 at Tue Jun 23 03:58:52 UTC 2026
Cache sync 11 at Tue Jun 23 03:58:52 UTC 2026
Cache sync 12 at Tue Jun 23 03:58:52 UTC 2026
Cache sync 13 at Tue Jun 23 03:58:52 UTC 2026
Cache sync 14 at Tue Jun 23 03:58:52 UTC 2026
Cache sync 15 at Tue Jun 23 03:58:52 UTC 2026
Cache sync 16 at Tue Jun 23 03:58:52 UTC 2026
Cache sync 17 at Tue Jun 23 03:58:52 UTC 2026
Cache sync 18 at Tue Jun 23 03:58:52 UTC 2026
Cache sync 19 at Tue Jun 23 03:58:52 UTC 2026
Cache sync 20 at Tue Jun 23 03:58:52 UTC 2026
Cache sync 21 at Tue Jun 23 03:58:52 UTC 2026
Cache sync 22 at Tue Jun 23 03:58:52 UTC 2026
Cache sync 23 at Tue Jun 23 03:58:52 UTC 2026
Cache sync 24 at Tue Jun 23 03:58:52 UTC 2026
Cache sync 25 at Tue Jun 23 03:58:52 UTC 2026
Cache sync 26 at Tue Jun 23 03:58:53 UTC 2026
Cache sync 27 at Tue Jun 23 03:58:53 UTC 2026
Cache sync 28 at Tue Jun 23 03:58:53 UTC 2026
Cache sync 29 at Tue Jun 23 03:58:53 UTC 2026
Cache sync 30 at Tue Jun 23 03:58:53 UTC 2026
Cache sync 31 at Tue Jun 23 03:58:53 UTC 2026
Cache sync 32 at Tue Jun 23 03:58:53 UTC 2026
Cache sync 33 at Tue Jun 23 03:58:53 UTC 2026
Cache sync 34 at Tue Jun 23 03:58:53 UTC 2026
Cache sync 35 at Tue Jun 23 03:58:53 UTC 2026
Cache sync 36 at Tue Jun 23 03:58:53 UTC 2026
Cache sync 37 at Tue Jun 23 03:58:53 UTC 2026
Cache sync 38 at Tue Jun 23 03:58:53 UTC 2026
Cache sync 39 at Tue Jun 23 03:58:53 UTC 2026
Cache sync 40 at Tue Jun 23 03:58:53 UTC 2026
Cache sync 41 at Tue Jun 23 03:58:53 UTC 2026
Cache sync 42 at Tue Jun 23 03:58:53 UTC 2026
Cache sync 43 at Tue Jun 23 03:58:53 UTC 2026
Cache sync 44 at Tue Jun 23 03:58:53 UTC 2026
Cache sync 45 at Tue Jun 23 03:58:53 UTC 2026
Cache sync 46 at Tue Jun 23 03:58:53 UTC 2026
Cache sync 47 at Tue Jun 23 03:58:53 UTC 2026
Cache sync 48 at Tue Jun 23 03:58:53 UTC 2026
Cache sync 49 at Tue Jun 23 03:58:53 UTC 2026
Cache sync 50 at Tue Jun 23 03:58:53 UTC 2026
Cache sync 51 at Tue Jun 23 03:58:53 UTC 2026
Cache sync 52 at Tue Jun 23 03:58:53 UTC 2026
Cache sync 53 at Tue Jun 23 03:58:53 UTC 2026
Cache sync 54 at Tue Jun 23 03:58:53 UTC 2026
Cache sync 55 at Tue Jun 23 03:58:53 UTC 2026
Cache sync 56 at Tue Jun 23 03:58:53 UTC 2026
Cache sync 57 at Tue Jun 23 03:58:53 UTC 2026
Cache sync 58 at Tue Jun 23 03:58:53 UTC 2026
Cache sync 59 at Tue Jun 23 03:58:53 UTC 2026
Cache sync 60 at Tue Jun 23 03:58:53 UTC 2026
Cache sync 61 at Tue Jun 23 03:58:53 UTC 2026
Cache sync 62 at Tue Jun 23 03:58:53 UTC 2026
Cache sync 63 at Tue Jun 23 03:58:53 UTC 2026
Cache sync 64 at Tue Jun 23 03:58:53 UTC 2026
Cache sync 65 at Tue Jun 23 03:58:53 UTC 2026
Cache sync 66 at Tue Jun 23 03:58:53 UTC 2026
Cache sync 67 at Tue Jun 23 03:58:53 UTC 2026
Cache sync 68 at Tue Jun 23 03:58:53 UTC 2026
Cache sync 69 at Tue Jun 23 03:58:53 UTC 2026
Cache sync 70 at Tue Jun 23 03:58:53 UTC 2026
Cache sync 71 at Tue Jun 23 03:58:53 UTC 2026
Cache sync 72 at Tue Jun 23 03:58:53 UTC 2026
Cache sync 73 at Tue Jun 23 03:58:53 UTC 2026
Cache sync 74 at Tue Jun 23 03:58:53 UTC 2026
Cache sync 75 at Tue Jun 23 03:58:53 UTC 2026
Cache sync 76 at Tue Jun 23 03:58:53 UTC 2026
Cache sync 77 at Tue Jun 23 03:58:53 UTC 2026
Cache sync 1 at Tue Jun 23 15:11:32 UTC 2026
Cache sync 2 at Tue Jun 23 15:11:32 UTC 2026
Cache sync 3 at Tue Jun 23 15:11:32 UTC 2026
Cache sync 4 at Tue Jun 23 15:11:32 UTC 2026
Cache sync 5 at Tue Jun 23 15:11:32 UTC 2026
Cache sync 6 at Tue Jun 23 15:11:32 UTC 2026
Cache sync 7 at Tue Jun 23 15:11:32 UTC 2026
Cache sync 8 at Tue Jun 23 15:11:32 UTC 2026
Cache sync 9 at Tue Jun 23 15:11:32 UTC 2026
Cache sync 10 at Tue Jun 23 15:11:32 UTC 2026
Cache sync 11 at Tue Jun 23 15:11:32 UTC 2026
Cache sync 12 at Tue Jun 23 15:11:32 UTC 2026
Cache sync 13 at Tue Jun 23 15:11:32 UTC 2026
Cache sync 14 at Tue Jun 23 15:11:32 UTC 2026
Cache sync 15 at Tue Jun 23 15:11:32 UTC 2026
Cache sync 16 at Tue Jun 23 15:11:32 UTC 2026
Cache sync 17 at Tue Jun 23 15:11:32 UTC 2026
Cache sync 18 at Tue Jun 23 15:11:32 UTC 2026
Cache sync 19 at Tue Jun 23 15:11:32 UTC 2026
Cache sync 20 at Tue Jun 23 15:11:32 UTC 2026
Cache sync 21 at Tue Jun 23 15:11:32 UTC 2026
Cache sync 22 at Tue Jun 23 15:11:32 UTC 2026
Cache sync 23 at Tue Jun 23 15:11:32 UTC 2026
Cache sync 24 at Tue Jun 23 15:11:32 UTC 2026
Cache sync 25 at Tue Jun 23 15:11:32 UTC 2026
Cache sync 26 at Tue Jun 23 15:11:32 UTC 2026
Cache sync 27 at Tue Jun 23 15:11:32 UTC 2026
Cache sync 28 at Tue Jun 23 15:11:32 UTC 2026
Cache sync 29 at Tue Jun 23 15:11:32 UTC 2026
Cache sync 30 at Tue Jun 23 15:11:32 UTC 2026
Cache sync 31 at Tue Jun 23 15:11:32 UTC 2026
Cache sync 32 at Tue Jun 23 15:11:32 UTC 2026
Cache sync 33 at Tue Jun 23 15:11:32 UTC 2026
Cache sync 34 at Tue Jun 23 15:11:32 UTC 2026
Cache sync 35 at Tue Jun 23 15:11:32 UTC 2026
Cache sync 36 at Tue Jun 23 15:11:32 UTC 2026
Cache sync 37 at Tue Jun 23 15:11:32 UTC 2026
Cache sync 38 at Tue Jun 23 15:11:32 UTC 2026
Cache sync 39 at Tue Jun 23 15:11:32 UTC 2026
Cache sync 40 at Tue Jun 23 15:11:32 UTC 2026
Cache sync 41 at Tue Jun 23 15:11:32 UTC 2026
Cache sync 42 at Tue Jun 23 15:11:32 UTC 2026
Cache sync 43 at Tue Jun 23 15:11:32 UTC 2026
Cache sync 44 at Tue Jun 23 15:11:32 UTC 2026
Cache sync 45 at Tue Jun 23 15:11:32 UTC 2026
Cache sync 46 at Tue Jun 23 15:11:32 UTC 2026
Cache sync 47 at Tue Jun 23 15:11:32 UTC 2026
Cache sync 48 at Tue Jun 23 15:11:32 UTC 2026
Cache sync 49 at Tue Jun 23 15:11:32 UTC 2026
Cache sync 50 at Tue Jun 23 15:11:32 UTC 2026
Cache sync 51 at Tue Jun 23 15:11:32 UTC 2026
Cache sync 52 at Tue Jun 23 15:11:32 UTC 2026
Cache sync 53 at Tue Jun 23 15:11:32 UTC 2026
Cache sync 54 at Tue Jun 23 15:11:32 UTC 2026
Cache sync 55 at Tue Jun 23 15:11:32 UTC 2026
Cache sync 56 at Tue Jun 23 15:11:32 UTC 2026
Cache sync 57 at Tue Jun 23 15:11:32 UTC 2026
Cache sync 58 at Tue Jun 23 15:11:32 UTC 2026
Cache sync 1 at Thu Jun 25 04:01:21 UTC 2026
Cache sync 2 at Thu Jun 25 04:01:21 UTC 2026
Cache sync 3 at Thu Jun 25 04:01:21 UTC 2026
Cache sync 4 at Thu Jun 25 04:01:21 UTC 2026
Cache sync 5 at Thu Jun 25 04:01:21 UTC 2026
Cache sync 6 at Thu Jun 25 04:01:21 UTC 2026
Cache sync 7 at Thu Jun 25 04:01:21 UTC 2026
Cache sync 8 at Thu Jun 25 04:01:21 UTC 2026
Cache sync 9 at Thu Jun 25 04:01:21 UTC 2026
Cache sync 10 at Thu Jun 25 04:01:21 UTC 2026
Cache sync 11 at Thu Jun 25 04:01:21 UTC 2026
Cache sync 12 at Thu Jun 25 04:01:21 UTC 2026
Cache sync 13 at Thu Jun 25 04:01:21 UTC 2026
Cache sync 14 at Thu Jun 25 04:01:21 UTC 2026
Cache sync 15 at Thu Jun 25 04:01:21 UTC 2026
Cache sync 16 at Thu Jun 25 04:01:21 UTC 2026
Cache sync 17 at Thu Jun 25 04:01:21 UTC 2026
Cache sync 18 at Thu Jun 25 04:01:21 UTC 2026
Cache sync 19 at Thu Jun 25 04:01:21 UTC 2026
Cache sync 20 at Thu Jun 25 04:01:21 UTC 2026
Cache sync 21 at Thu Jun 25 04:01:21 UTC 2026
Cache sync 22 at Thu Jun 25 04:01:21 UTC 2026
Cache sync 23 at Thu Jun 25 04:01:21 UTC 2026
Cache sync 24 at Thu Jun 25 04:01:21 UTC 2026
Cache sync 25 at Thu Jun 25 04:01:21 UTC 2026
Cache sync 26 at Thu Jun 25 04:01:21 UTC 2026
Cache sync 27 at Thu Jun 25 04:01:21 UTC 2026
Cache sync 28 at Thu Jun 25 04:01:21 UTC 2026
Cache sync 29 at Thu Jun 25 04:01:21 UTC 2026
Cache sync 30 at Thu Jun 25 04:01:21 UTC 2026
Cache sync 31 at Thu Jun 25 04:01:21 UTC 2026
Cache sync 32 at Thu Jun 25 04:01:21 UTC 2026
Cache sync 33 at Thu Jun 25 04:01:21 UTC 2026
Cache sync 34 at Thu Jun 25 04:01:21 UTC 2026
Cache sync 35 at Thu Jun 25 04:01:21 UTC 2026
Cache sync 36 at Thu Jun 25 04:01:21 UTC 2026
Cache sync 37 at Thu Jun 25 04:01:21 UTC 2026
Cache sync 38 at Thu Jun 25 04:01:21 UTC 2026
Cache sync 39 at Thu Jun 25 04:01:21 UTC 2026
Cache sync 40 at Thu Jun 25 04:01:21 UTC 2026
Cache sync 41 at Thu Jun 25 04:01:21 UTC 2026
Cache sync 42 at Thu Jun 25 04:01:21 UTC 2026
Cache sync 43 at Thu Jun 25 04:01:21 UTC 2026
Cache sync 44 at Thu Jun 25 04:01:21 UTC 2026
Cache sync 45 at Thu Jun 25 04:01:21 UTC 2026
Cache sync 46 at Thu Jun 25 04:01:21 UTC 2026
Cache sync 47 at Thu Jun 25 04:01:21 UTC 2026
Cache sync 48 at Thu Jun 25 04:01:21 UTC 2026
Cache sync 49 at Thu Jun 25 04:01:21 UTC 2026
Cache sync 50 at Thu Jun 25 04:01:21 UTC 2026
Cache sync 51 at Thu Jun 25 04:01:22 UTC 2026
Cache sync 52 at Thu Jun 25 04:01:22 UTC 2026
Cache sync 53 at Thu Jun 25 04:01:22 UTC 2026
Cache sync 1 at Thu Jun 25 14:44:28 UTC 2026
Cache sync 2 at Thu Jun 25 14:44:28 UTC 2026
Cache sync 3 at Thu Jun 25 14:44:28 UTC 2026
Cache sync 1 at Fri Jun 26 04:08:33 UTC 2026
Cache sync 2 at Fri Jun 26 04:08:33 UTC 2026
Cache sync 3 at Fri Jun 26 04:08:33 UTC 2026
Cache sync 4 at Fri Jun 26 04:08:33 UTC 2026
Cache sync 5 at Fri Jun 26 04:08:33 UTC 2026
Cache sync 6 at Fri Jun 26 04:08:33 UTC 2026
Cache sync 7 at Fri Jun 26 04:08:33 UTC 2026
Cache sync 8 at Fri Jun 26 04:08:33 UTC 2026
Cache sync 9 at Fri Jun 26 04:08:33 UTC 2026
Cache sync 10 at Fri Jun 26 04:08:33 UTC 2026
Cache sync 11 at Fri Jun 26 04:08:33 UTC 2026
Cache sync 12 at Fri Jun 26 04:08:33 UTC 2026
Cache sync 13 at Fri Jun 26 04:08:33 UTC 2026
Cache sync 14 at Fri Jun 26 04:08:33 UTC 2026
Cache sync 15 at Fri Jun 26 04:08:33 UTC 2026
Cache sync 16 at Fri Jun 26 04:08:33 UTC 2026
Cache sync 17 at Fri Jun 26 04:08:33 UTC 2026
Cache sync 18 at Fri Jun 26 04:08:33 UTC 2026
Cache sync 19 at Fri Jun 26 04:08:33 UTC 2026
Cache sync 20 at Fri Jun 26 04:08:33 UTC 2026
Cache sync 21 at Fri Jun 26 04:08:33 UTC 2026
Cache sync 22 at Fri Jun 26 04:08:33 UTC 2026
Cache sync 23 at Fri Jun 26 04:08:33 UTC 2026
Cache sync 24 at Fri Jun 26 04:08:33 UTC 2026
Cache sync 25 at Fri Jun 26 04:08:33 UTC 2026
Cache sync 26 at Fri Jun 26 04:08:33 UTC 2026
Cache sync 27 at Fri Jun 26 04:08:33 UTC 2026
Cache sync 28 at Fri Jun 26 04:08:33 UTC 2026
Cache sync 29 at Fri Jun 26 04:08:33 UTC 2026
Cache sync 30 at Fri Jun 26 04:08:33 UTC 2026
Cache sync 31 at Fri Jun 26 04:08:33 UTC 2026
Cache sync 32 at Fri Jun 26 04:08:33 UTC 2026
Cache sync 33 at Fri Jun 26 04:08:33 UTC 2026
Cache sync 34 at Fri Jun 26 04:08:33 UTC 2026
Cache sync 35 at Fri Jun 26 04:08:33 UTC 2026
Cache sync 36 at Fri Jun 26 04:08:33 UTC 2026
Cache sync 37 at Fri Jun 26 04:08:33 UTC 2026
Cache sync 38 at Fri Jun 26 04:08:33 UTC 2026
Cache sync 39 at Fri Jun 26 04:08:33 UTC 2026
Cache sync 40 at Fri Jun 26 04:08:33 UTC 2026
Cache sync 41 at Fri Jun 26 04:08:33 UTC 2026
Cache sync 42 at Fri Jun 26 04:08:33 UTC 2026
Cache sync 43 at Fri Jun 26 04:08:33 UTC 2026
Cache sync 44 at Fri Jun 26 04:08:33 UTC 2026
Cache sync 45 at Fri Jun 26 04:08:34 UTC 2026
Cache sync 46 at Fri Jun 26 04:08:34 UTC 2026
Cache sync 47 at Fri Jun 26 04:08:34 UTC 2026
Cache sync 48 at Fri Jun 26 04:08:34 UTC 2026
Cache sync 49 at Fri Jun 26 04:08:34 UTC 2026
Cache sync 50 at Fri Jun 26 04:08:34 UTC 2026
Cache sync 51 at Fri Jun 26 04:08:34 UTC 2026
Cache sync 52 at Fri Jun 26 04:08:34 UTC 2026
Cache sync 53 at Fri Jun 26 04:08:34 UTC 2026
Cache sync 54 at Fri Jun 26 04:08:34 UTC 2026
Cache sync 55 at Fri Jun 26 04:08:34 UTC 2026
Cache sync 56 at Fri Jun 26 04:08:34 UTC 2026
Cache sync 57 at Fri Jun 26 04:08:34 UTC 2026
Cache sync 58 at Fri Jun 26 04:08:34 UTC 2026
Cache sync 59 at Fri Jun 26 04:08:34 UTC 2026
Cache sync 60 at Fri Jun 26 04:08:34 UTC 2026
Cache sync 61 at Fri Jun 26 04:08:34 UTC 2026
Cache sync 1 at Fri Jun 26 14:34:21 UTC 2026
Cache sync 2 at Fri Jun 26 14:34:21 UTC 2026
Cache sync 3 at Fri Jun 26 14:34:21 UTC 2026
Cache sync 4 at Fri Jun 26 14:34:21 UTC 2026
Cache sync 5 at Fri Jun 26 14:34:21 UTC 2026
Cache sync 6 at Fri Jun 26 14:34:21 UTC 2026
Cache sync 7 at Fri Jun 26 14:34:21 UTC 2026
Cache sync 8 at Fri Jun 26 14:34:21 UTC 2026
Cache sync 9 at Fri Jun 26 14:34:21 UTC 2026
Cache sync 10 at Fri Jun 26 14:34:21 UTC 2026
Cache sync 11 at Fri Jun 26 14:34:21 UTC 2026
Cache sync 12 at Fri Jun 26 14:34:21 UTC 2026
Cache sync 13 at Fri Jun 26 14:34:22 UTC 2026
Cache sync 14 at Fri Jun 26 14:34:22 UTC 2026
Cache sync 15 at Fri Jun 26 14:34:22 UTC 2026
Cache sync 16 at Fri Jun 26 14:34:22 UTC 2026
Cache sync 17 at Fri Jun 26 14:34:22 UTC 2026
Cache sync 18 at Fri Jun 26 14:34:22 UTC 2026
Cache sync 19 at Fri Jun 26 14:34:22 UTC 2026
Cache sync 20 at Fri Jun 26 14:34:22 UTC 2026
Cache sync 21 at Fri Jun 26 14:34:22 UTC 2026
Cache sync 22 at Fri Jun 26 14:34:22 UTC 2026
Cache sync 23 at Fri Jun 26 14:34:22 UTC 2026
Cache sync 24 at Fri Jun 26 14:34:22 UTC 2026
Cache sync 25 at Fri Jun 26 14:34:22 UTC 2026
Cache sync 26 at Fri Jun 26 14:34:22 UTC 2026
Cache sync 27 at Fri Jun 26 14:34:22 UTC 2026
Cache sync 28 at Fri Jun 26 14:34:22 UTC 2026
Cache sync 29 at Fri Jun 26 14:34:22 UTC 2026
Cache sync 30 at Fri Jun 26 14:34:22 UTC 2026
Cache sync 31 at Fri Jun 26 14:34:22 UTC 2026
Cache sync 32 at Fri Jun 26 14:34:22 UTC 2026
Cache sync 33 at Fri Jun 26 14:34:22 UTC 2026
Cache sync 34 at Fri Jun 26 14:34:22 UTC 2026
Cache sync 35 at Fri Jun 26 14:34:22 UTC 2026
Cache sync 36 at Fri Jun 26 14:34:22 UTC 2026
Cache sync 37 at Fri Jun 26 14:34:22 UTC 2026
Cache sync 38 at Fri Jun 26 14:34:22 UTC 2026
Cache sync 39 at Fri Jun 26 14:34:22 UTC 2026
Cache sync 40 at Fri Jun 26 14:34:22 UTC 2026
Cache sync 41 at Fri Jun 26 14:34:22 UTC 2026
Cache sync 42 at Fri Jun 26 14:34:22 UTC 2026
Cache sync 43 at Fri Jun 26 14:34:22 UTC 2026
Cache sync 44 at Fri Jun 26 14:34:22 UTC 2026
Cache sync 45 at Fri Jun 26 14:34:22 UTC 2026
Cache sync 46 at Fri Jun 26 14:34:22 UTC 2026
Cache sync 47 at Fri Jun 26 14:34:22 UTC 2026
Cache sync 48 at Fri Jun 26 14:34:22 UTC 2026
Cache sync 49 at Fri Jun 26 14:34:22 UTC 2026
Cache sync 50 at Fri Jun 26 14:34:22 UTC 2026
Cache sync 51 at Fri Jun 26 14:34:22 UTC 2026
Cache sync 52 at Fri Jun 26 14:34:22 UTC 2026
Cache sync 53 at Fri Jun 26 14:34:22 UTC 2026
Cache sync 54 at Fri Jun 26 14:34:22 UTC 2026
Cache sync 55 at Fri Jun 26 14:34:22 UTC 2026
Cache sync 56 at Fri Jun 26 14:34:22 UTC 2026
Cache sync 57 at Fri Jun 26 14:34:22 UTC 2026
Cache sync 58 at Fri Jun 26 14:34:22 UTC 2026
Cache sync 59 at Fri Jun 26 14:34:22 UTC 2026
Cache sync 60 at Fri Jun 26 14:34:22 UTC 2026
Cache sync 61 at Fri Jun 26 14:34:22 UTC 2026
Cache sync 62 at Fri Jun 26 14:34:22 UTC 2026
Cache sync 63 at Fri Jun 26 14:34:22 UTC 2026
Cache sync 64 at Fri Jun 26 14:34:22 UTC 2026
Cache sync 65 at Fri Jun 26 14:34:22 UTC 2026
Cache sync 66 at Fri Jun 26 14:34:22 UTC 2026
Cache sync 67 at Fri Jun 26 14:34:22 UTC 2026
Cache sync 68 at Fri Jun 26 14:34:22 UTC 2026
Cache sync 69 at Fri Jun 26 14:34:22 UTC 2026
Cache sync 70 at Fri Jun 26 14:34:22 UTC 2026
Cache sync 71 at Fri Jun 26 14:34:22 UTC 2026
Cache sync 72 at Fri Jun 26 14:34:22 UTC 2026
Cache sync 73 at Fri Jun 26 14:34:22 UTC 2026
Cache sync 74 at Fri Jun 26 14:34:22 UTC 2026
Cache sync 75 at Fri Jun 26 14:34:22 UTC 2026
Cache sync 76 at Fri Jun 26 14:34:22 UTC 2026
Cache sync 77 at Fri Jun 26 14:34:22 UTC 2026
Cache sync 78 at Fri Jun 26 14:34:22 UTC 2026
Cache sync 79 at Fri Jun 26 14:34:22 UTC 2026
Cache sync 1 at Sat Jun 27 03:54:40 UTC 2026
Cache sync 2 at Sat Jun 27 03:54:40 UTC 2026
Cache sync 3 at Sat Jun 27 03:54:40 UTC 2026
Cache sync 4 at Sat Jun 27 03:54:40 UTC 2026
Cache sync 5 at Sat Jun 27 03:54:40 UTC 2026
Cache sync 6 at Sat Jun 27 03:54:40 UTC 2026
Cache sync 7 at Sat Jun 27 03:54:40 UTC 2026
Cache sync 8 at Sat Jun 27 03:54:40 UTC 2026
Cache sync 9 at Sat Jun 27 03:54:40 UTC 2026
Cache sync 10 at Sat Jun 27 03:54:40 UTC 2026
Cache sync 11 at Sat Jun 27 03:54:40 UTC 2026
Cache sync 12 at Sat Jun 27 03:54:40 UTC 2026
Cache sync 13 at Sat Jun 27 03:54:40 UTC 2026
Cache sync 14 at Sat Jun 27 03:54:40 UTC 2026
Cache sync 15 at Sat Jun 27 03:54:40 UTC 2026
Cache sync 16 at Sat Jun 27 03:54:40 UTC 2026
Cache sync 17 at Sat Jun 27 03:54:40 UTC 2026
Cache sync 18 at Sat Jun 27 03:54:40 UTC 2026
Cache sync 19 at Sat Jun 27 03:54:40 UTC 2026
Cache sync 20 at Sat Jun 27 03:54:40 UTC 2026
Cache sync 21 at Sat Jun 27 03:54:40 UTC 2026
Cache sync 22 at Sat Jun 27 03:54:40 UTC 2026
Cache sync 23 at Sat Jun 27 03:54:40 UTC 2026
Cache sync 24 at Sat Jun 27 03:54:40 UTC 2026
Cache sync 25 at Sat Jun 27 03:54:40 UTC 2026
Cache sync 26 at Sat Jun 27 03:54:40 UTC 2026
Cache sync 27 at Sat Jun 27 03:54:40 UTC 2026
Cache sync 28 at Sat Jun 27 03:54:40 UTC 2026
Cache sync 29 at Sat Jun 27 03:54:40 UTC 2026
Cache sync 30 at Sat Jun 27 03:54:40 UTC 2026
Cache sync 31 at Sat Jun 27 03:54:40 UTC 2026
Cache sync 32 at Sat Jun 27 03:54:40 UTC 2026
Cache sync 33 at Sat Jun 27 03:54:40 UTC 2026
Cache sync 34 at Sat Jun 27 03:54:40 UTC 2026
Cache sync 35 at Sat Jun 27 03:54:40 UTC 2026
Cache sync 36 at Sat Jun 27 03:54:40 UTC 2026
Cache sync 37 at Sat Jun 27 03:54:40 UTC 2026
Cache sync 38 at Sat Jun 27 03:54:40 UTC 2026
Cache sync 39 at Sat Jun 27 03:54:40 UTC 2026
Cache sync 40 at Sat Jun 27 03:54:40 UTC 2026
Cache sync 41 at Sat Jun 27 03:54:40 UTC 2026
Cache sync 42 at Sat Jun 27 03:54:40 UTC 2026
Cache sync 43 at Sat Jun 27 03:54:40 UTC 2026
Cache sync 44 at Sat Jun 27 03:54:40 UTC 2026
Cache sync 45 at Sat Jun 27 03:54:40 UTC 2026
Cache sync 46 at Sat Jun 27 03:54:40 UTC 2026
Cache sync 47 at Sat Jun 27 03:54:40 UTC 2026
Cache sync 1 at Sat Jun 27 13:52:50 UTC 2026
Cache sync 2 at Sat Jun 27 13:52:50 UTC 2026
Cache sync 3 at Sat Jun 27 13:52:50 UTC 2026
Cache sync 4 at Sat Jun 27 13:52:51 UTC 2026
Cache sync 5 at Sat Jun 27 13:52:51 UTC 2026
Cache sync 6 at Sat Jun 27 13:52:51 UTC 2026
Cache sync 7 at Sat Jun 27 13:52:51 UTC 2026
Cache sync 8 at Sat Jun 27 13:52:51 UTC 2026
Cache sync 9 at Sat Jun 27 13:52:51 UTC 2026
Cache sync 10 at Sat Jun 27 13:52:51 UTC 2026
Cache sync 11 at Sat Jun 27 13:52:51 UTC 2026
Cache sync 12 at Sat Jun 27 13:52:51 UTC 2026
Cache sync 13 at Sat Jun 27 13:52:51 UTC 2026
Cache sync 14 at Sat Jun 27 13:52:51 UTC 2026
Cache sync 15 at Sat Jun 27 13:52:51 UTC 2026
Cache sync 16 at Sat Jun 27 13:52:51 UTC 2026
Cache sync 17 at Sat Jun 27 13:52:51 UTC 2026
Cache sync 18 at Sat Jun 27 13:52:51 UTC 2026
Cache sync 19 at Sat Jun 27 13:52:51 UTC 2026
Cache sync 20 at Sat Jun 27 13:52:51 UTC 2026
Cache sync 21 at Sat Jun 27 13:52:51 UTC 2026
Cache sync 22 at Sat Jun 27 13:52:51 UTC 2026
Cache sync 23 at Sat Jun 27 13:52:51 UTC 2026
Cache sync 24 at Sat Jun 27 13:52:51 UTC 2026
Cache sync 25 at Sat Jun 27 13:52:51 UTC 2026
Cache sync 26 at Sat Jun 27 13:52:51 UTC 2026
Cache sync 27 at Sat Jun 27 13:52:51 UTC 2026
Cache sync 28 at Sat Jun 27 13:52:51 UTC 2026
Cache sync 1 at Sun Jun 28 04:16:54 UTC 2026
Cache sync 2 at Sun Jun 28 04:16:54 UTC 2026
Cache sync 3 at Sun Jun 28 04:16:54 UTC 2026
Cache sync 4 at Sun Jun 28 04:16:54 UTC 2026
Cache sync 5 at Sun Jun 28 04:16:55 UTC 2026
Cache sync 6 at Sun Jun 28 04:16:55 UTC 2026
Cache sync 7 at Sun Jun 28 04:16:55 UTC 2026
Cache sync 8 at Sun Jun 28 04:16:55 UTC 2026
Cache sync 9 at Sun Jun 28 04:16:55 UTC 2026
Cache sync 10 at Sun Jun 28 04:16:55 UTC 2026
Cache sync 11 at Sun Jun 28 04:16:55 UTC 2026
Cache sync 12 at Sun Jun 28 04:16:55 UTC 2026
Cache sync 13 at Sun Jun 28 04:16:55 UTC 2026
Cache sync 14 at Sun Jun 28 04:16:55 UTC 2026
Cache sync 15 at Sun Jun 28 04:16:55 UTC 2026
Cache sync 16 at Sun Jun 28 04:16:55 UTC 2026
Cache sync 17 at Sun Jun 28 04:16:55 UTC 2026
Cache sync 18 at Sun Jun 28 04:16:55 UTC 2026
Cache sync 1 at Sun Jun 28 13:58:29 UTC 2026
Cache sync 2 at Sun Jun 28 13:58:29 UTC 2026
Cache sync 3 at Sun Jun 28 13:58:29 UTC 2026
Cache sync 4 at Sun Jun 28 13:58:29 UTC 2026
Cache sync 5 at Sun Jun 28 13:58:29 UTC 2026
Cache sync 6 at Sun Jun 28 13:58:29 UTC 2026
Cache sync 7 at Sun Jun 28 13:58:29 UTC 2026
Cache sync 8 at Sun Jun 28 13:58:29 UTC 2026
Cache sync 9 at Sun Jun 28 13:58:29 UTC 2026
Cache sync 10 at Sun Jun 28 13:58:29 UTC 2026
Cache sync 11 at Sun Jun 28 13:58:29 UTC 2026
Cache sync 1 at Mon Jun 29 04:23:28 UTC 2026
Cache sync 2 at Mon Jun 29 04:23:28 UTC 2026
Cache sync 1 at Mon Jun 29 15:54:57 UTC 2026
Cache sync 2 at Mon Jun 29 15:54:57 UTC 2026
Cache sync 3 at Mon Jun 29 15:54:57 UTC 2026
Cache sync 4 at Mon Jun 29 15:54:57 UTC 2026
Cache sync 5 at Mon Jun 29 15:54:57 UTC 2026
Cache sync 6 at Mon Jun 29 15:54:57 UTC 2026
Cache sync 7 at Mon Jun 29 15:54:57 UTC 2026
Cache sync 8 at Mon Jun 29 15:54:57 UTC 2026
Cache sync 9 at Mon Jun 29 15:54:57 UTC 2026
Cache sync 10 at Mon Jun 29 15:54:57 UTC 2026
Cache sync 11 at Mon Jun 29 15:54:57 UTC 2026
Cache sync 12 at Mon Jun 29 15:54:57 UTC 2026
Cache sync 13 at Mon Jun 29 15:54:57 UTC 2026
Cache sync 14 at Mon Jun 29 15:54:57 UTC 2026
Cache sync 15 at Mon Jun 29 15:54:57 UTC 2026
Cache sync 16 at Mon Jun 29 15:54:57 UTC 2026
Cache sync 17 at Mon Jun 29 15:54:57 UTC 2026
Cache sync 18 at Mon Jun 29 15:54:57 UTC 2026
Cache sync 19 at Mon Jun 29 15:54:57 UTC 2026
Cache sync 20 at Mon Jun 29 15:54:57 UTC 2026
Cache sync 21 at Mon Jun 29 15:54:57 UTC 2026
Cache sync 22 at Mon Jun 29 15:54:57 UTC 2026
Cache sync 23 at Mon Jun 29 15:54:57 UTC 2026
Cache sync 24 at Mon Jun 29 15:54:57 UTC 2026
Cache sync 25 at Mon Jun 29 15:54:57 UTC 2026
Cache sync 26 at Mon Jun 29 15:54:57 UTC 2026
Cache sync 27 at Mon Jun 29 15:54:57 UTC 2026
Cache sync 28 at Mon Jun 29 15:54:57 UTC 2026
Cache sync 29 at Mon Jun 29 15:54:57 UTC 2026
Cache sync 30 at Mon Jun 29 15:54:57 UTC 2026
Cache sync 31 at Mon Jun 29 15:54:57 UTC 2026
Cache sync 32 at Mon Jun 29 15:54:57 UTC 2026
Cache sync 33 at Mon Jun 29 15:54:57 UTC 2026
Cache sync 34 at Mon Jun 29 15:54:57 UTC 2026
Cache sync 35 at Mon Jun 29 15:54:57 UTC 2026
Cache sync 36 at Mon Jun 29 15:54:57 UTC 2026
Cache sync 37 at Mon Jun 29 15:54:57 UTC 2026
Cache sync 38 at Mon Jun 29 15:54:57 UTC 2026
Cache sync 39 at Mon Jun 29 15:54:57 UTC 2026
Cache sync 40 at Mon Jun 29 15:54:57 UTC 2026
Cache sync 41 at Mon Jun 29 15:54:57 UTC 2026
Cache sync 42 at Mon Jun 29 15:54:57 UTC 2026
Cache sync 43 at Mon Jun 29 15:54:57 UTC 2026
Cache sync 44 at Mon Jun 29 15:54:57 UTC 2026
Cache sync 45 at Mon Jun 29 15:54:57 UTC 2026
Cache sync 46 at Mon Jun 29 15:54:57 UTC 2026
Cache sync 47 at Mon Jun 29 15:54:57 UTC 2026
Cache sync 48 at Mon Jun 29 15:54:57 UTC 2026
Cache sync 49 at Mon Jun 29 15:54:57 UTC 2026
Cache sync 50 at Mon Jun 29 15:54:57 UTC 2026
Cache sync 51 at Mon Jun 29 15:54:57 UTC 2026
Cache sync 52 at Mon Jun 29 15:54:57 UTC 2026
Cache sync 53 at Mon Jun 29 15:54:57 UTC 2026
Cache sync 54 at Mon Jun 29 15:54:57 UTC 2026
Cache sync 55 at Mon Jun 29 15:54:57 UTC 2026
Cache sync 56 at Mon Jun 29 15:54:57 UTC 2026
Cache sync 57 at Mon Jun 29 15:54:57 UTC 2026
Cache sync 58 at Mon Jun 29 15:54:57 UTC 2026
Cache sync 59 at Mon Jun 29 15:54:58 UTC 2026
Cache sync 60 at Mon Jun 29 15:54:58 UTC 2026
Cache sync 61 at Mon Jun 29 15:54:58 UTC 2026
Cache sync 62 at Mon Jun 29 15:54:58 UTC 2026
Cache sync 63 at Mon Jun 29 15:54:58 UTC 2026
Cache sync 64 at Mon Jun 29 15:54:58 UTC 2026
Cache sync 65 at Mon Jun 29 15:54:58 UTC 2026
Cache sync 1 at Tue Jun 30 04:03:30 UTC 2026
Cache sync 2 at Tue Jun 30 04:03:30 UTC 2026
Cache sync 3 at Tue Jun 30 04:03:30 UTC 2026
Cache sync 4 at Tue Jun 30 04:03:30 UTC 2026
Cache sync 5 at Tue Jun 30 04:03:30 UTC 2026
Cache sync 1 at Tue Jun 30 14:28:13 UTC 2026
Cache sync 2 at Tue Jun 30 14:28:13 UTC 2026
Cache sync 3 at Tue Jun 30 14:28:13 UTC 2026
Cache sync 4 at Tue Jun 30 14:28:13 UTC 2026
Cache sync 5 at Tue Jun 30 14:28:13 UTC 2026
Cache sync 6 at Tue Jun 30 14:28:13 UTC 2026
Cache sync 7 at Tue Jun 30 14:28:13 UTC 2026
Cache sync 8 at Tue Jun 30 14:28:13 UTC 2026
Cache sync 9 at Tue Jun 30 14:28:13 UTC 2026
Cache sync 10 at Tue Jun 30 14:28:13 UTC 2026
Cache sync 11 at Tue Jun 30 14:28:13 UTC 2026
Cache sync 12 at Tue Jun 30 14:28:13 UTC 2026
Cache sync 13 at Tue Jun 30 14:28:13 UTC 2026
Cache sync 14 at Tue Jun 30 14:28:13 UTC 2026
Cache sync 15 at Tue Jun 30 14:28:13 UTC 2026
Cache sync 16 at Tue Jun 30 14:28:13 UTC 2026
Cache sync 17 at Tue Jun 30 14:28:13 UTC 2026
Cache sync 18 at Tue Jun 30 14:28:13 UTC 2026
Cache sync 19 at Tue Jun 30 14:28:13 UTC 2026
Cache sync 20 at Tue Jun 30 14:28:13 UTC 2026
Cache sync 21 at Tue Jun 30 14:28:13 UTC 2026
Cache sync 22 at Tue Jun 30 14:28:13 UTC 2026
Cache sync 23 at Tue Jun 30 14:28:13 UTC 2026
Cache sync 24 at Tue Jun 30 14:28:13 UTC 2026
Cache sync 25 at Tue Jun 30 14:28:13 UTC 2026
Cache sync 26 at Tue Jun 30 14:28:13 UTC 2026
Cache sync 27 at Tue Jun 30 14:28:13 UTC 2026
Cache sync 28 at Tue Jun 30 14:28:13 UTC 2026
Cache sync 29 at Tue Jun 30 14:28:13 UTC 2026
Cache sync 30 at Tue Jun 30 14:28:13 UTC 2026
Cache sync 31 at Tue Jun 30 14:28:13 UTC 2026
Cache sync 1 at Wed Jul  1 04:19:31 UTC 2026
Cache sync 2 at Wed Jul  1 04:19:31 UTC 2026
Cache sync 3 at Wed Jul  1 04:19:31 UTC 2026
Cache sync 4 at Wed Jul  1 04:19:31 UTC 2026
Cache sync 5 at Wed Jul  1 04:19:31 UTC 2026
Cache sync 6 at Wed Jul  1 04:19:31 UTC 2026
Cache sync 7 at Wed Jul  1 04:19:31 UTC 2026
Cache sync 8 at Wed Jul  1 04:19:31 UTC 2026
Cache sync 9 at Wed Jul  1 04:19:31 UTC 2026
Cache sync 10 at Wed Jul  1 04:19:31 UTC 2026
Cache sync 11 at Wed Jul  1 04:19:31 UTC 2026
Cache sync 12 at Wed Jul  1 04:19:32 UTC 2026
Cache sync 13 at Wed Jul  1 04:19:32 UTC 2026
Cache sync 14 at Wed Jul  1 04:19:32 UTC 2026
Cache sync 15 at Wed Jul  1 04:19:32 UTC 2026
Cache sync 16 at Wed Jul  1 04:19:32 UTC 2026
Cache sync 17 at Wed Jul  1 04:19:32 UTC 2026
Cache sync 18 at Wed Jul  1 04:19:32 UTC 2026
Cache sync 19 at Wed Jul  1 04:19:32 UTC 2026
Cache sync 20 at Wed Jul  1 04:19:32 UTC 2026
Cache sync 21 at Wed Jul  1 04:19:32 UTC 2026
Cache sync 22 at Wed Jul  1 04:19:32 UTC 2026
Cache sync 23 at Wed Jul  1 04:19:32 UTC 2026
Cache sync 24 at Wed Jul  1 04:19:32 UTC 2026
Cache sync 25 at Wed Jul  1 04:19:32 UTC 2026
Cache sync 26 at Wed Jul  1 04:19:32 UTC 2026
Cache sync 27 at Wed Jul  1 04:19:32 UTC 2026
Cache sync 28 at Wed Jul  1 04:19:32 UTC 2026
Cache sync 29 at Wed Jul  1 04:19:32 UTC 2026
Cache sync 30 at Wed Jul  1 04:19:32 UTC 2026
Cache sync 31 at Wed Jul  1 04:19:32 UTC 2026
Cache sync 32 at Wed Jul  1 04:19:32 UTC 2026
Cache sync 33 at Wed Jul  1 04:19:32 UTC 2026
Cache sync 34 at Wed Jul  1 04:19:32 UTC 2026
Cache sync 35 at Wed Jul  1 04:19:32 UTC 2026
Cache sync 36 at Wed Jul  1 04:19:32 UTC 2026
Cache sync 37 at Wed Jul  1 04:19:32 UTC 2026
Cache sync 38 at Wed Jul  1 04:19:32 UTC 2026
Cache sync 39 at Wed Jul  1 04:19:32 UTC 2026
Cache sync 40 at Wed Jul  1 04:19:32 UTC 2026
Cache sync 41 at Wed Jul  1 04:19:32 UTC 2026
Cache sync 42 at Wed Jul  1 04:19:32 UTC 2026
Cache sync 43 at Wed Jul  1 04:19:32 UTC 2026
Cache sync 44 at Wed Jul  1 04:19:32 UTC 2026
Cache sync 45 at Wed Jul  1 04:19:32 UTC 2026
Cache sync 46 at Wed Jul  1 04:19:32 UTC 2026
Cache sync 47 at Wed Jul  1 04:19:32 UTC 2026
Cache sync 48 at Wed Jul  1 04:19:32 UTC 2026
Cache sync 49 at Wed Jul  1 04:19:32 UTC 2026
Cache sync 50 at Wed Jul  1 04:19:32 UTC 2026
Cache sync 51 at Wed Jul  1 04:19:32 UTC 2026
Cache sync 52 at Wed Jul  1 04:19:32 UTC 2026
Cache sync 53 at Wed Jul  1 04:19:32 UTC 2026
Cache sync 54 at Wed Jul  1 04:19:32 UTC 2026
Cache sync 55 at Wed Jul  1 04:19:32 UTC 2026
Cache sync 56 at Wed Jul  1 04:19:32 UTC 2026
Cache sync 57 at Wed Jul  1 04:19:32 UTC 2026
Cache sync 58 at Wed Jul  1 04:19:32 UTC 2026
Cache sync 59 at Wed Jul  1 04:19:32 UTC 2026
Cache sync 60 at Wed Jul  1 04:19:32 UTC 2026
Cache sync 61 at Wed Jul  1 04:19:32 UTC 2026
Cache sync 62 at Wed Jul  1 04:19:32 UTC 2026
Cache sync 63 at Wed Jul  1 04:19:32 UTC 2026
Cache sync 64 at Wed Jul  1 04:19:32 UTC 2026
Cache sync 65 at Wed Jul  1 04:19:32 UTC 2026
Cache sync 66 at Wed Jul  1 04:19:32 UTC 2026
Cache sync 67 at Wed Jul  1 04:19:32 UTC 2026
Cache sync 68 at Wed Jul  1 04:19:32 UTC 2026
Cache sync 69 at Wed Jul  1 04:19:32 UTC 2026
Cache sync 70 at Wed Jul  1 04:19:32 UTC 2026
Cache sync 71 at Wed Jul  1 04:19:32 UTC 2026
Cache sync 72 at Wed Jul  1 04:19:32 UTC 2026
Cache sync 73 at Wed Jul  1 04:19:32 UTC 2026
Cache sync 74 at Wed Jul  1 04:19:32 UTC 2026
Cache sync 75 at Wed Jul  1 04:19:32 UTC 2026
Cache sync 76 at Wed Jul  1 04:19:32 UTC 2026
Cache sync 77 at Wed Jul  1 04:19:32 UTC 2026
Cache sync 78 at Wed Jul  1 04:19:32 UTC 2026
Cache sync 79 at Wed Jul  1 04:19:32 UTC 2026
Cache sync 80 at Wed Jul  1 04:19:32 UTC 2026
Cache sync 81 at Wed Jul  1 04:19:32 UTC 2026
Cache sync 82 at Wed Jul  1 04:19:32 UTC 2026
Cache sync 83 at Wed Jul  1 04:19:32 UTC 2026
Cache sync 1 at Wed Jul  1 14:46:38 UTC 2026
Cache sync 2 at Wed Jul  1 14:46:38 UTC 2026
Cache sync 3 at Wed Jul  1 14:46:38 UTC 2026
Cache sync 4 at Wed Jul  1 14:46:39 UTC 2026
Cache sync 5 at Wed Jul  1 14:46:39 UTC 2026
Cache sync 6 at Wed Jul  1 14:46:39 UTC 2026
Cache sync 1 at Thu Jul  2 03:59:19 UTC 2026
Cache sync 2 at Thu Jul  2 03:59:19 UTC 2026
Cache sync 3 at Thu Jul  2 03:59:19 UTC 2026
Cache sync 4 at Thu Jul  2 03:59:19 UTC 2026
Cache sync 5 at Thu Jul  2 03:59:19 UTC 2026
Cache sync 6 at Thu Jul  2 03:59:19 UTC 2026
Cache sync 7 at Thu Jul  2 03:59:19 UTC 2026
Cache sync 8 at Thu Jul  2 03:59:19 UTC 2026
Cache sync 9 at Thu Jul  2 03:59:19 UTC 2026
Cache sync 10 at Thu Jul  2 03:59:19 UTC 2026
Cache sync 11 at Thu Jul  2 03:59:19 UTC 2026
Cache sync 12 at Thu Jul  2 03:59:19 UTC 2026
Cache sync 13 at Thu Jul  2 03:59:19 UTC 2026
Cache sync 14 at Thu Jul  2 03:59:19 UTC 2026
Cache sync 15 at Thu Jul  2 03:59:19 UTC 2026
Cache sync 16 at Thu Jul  2 03:59:19 UTC 2026
Cache sync 17 at Thu Jul  2 03:59:19 UTC 2026
Cache sync 18 at Thu Jul  2 03:59:19 UTC 2026
Cache sync 19 at Thu Jul  2 03:59:19 UTC 2026
Cache sync 20 at Thu Jul  2 03:59:19 UTC 2026
Cache sync 21 at Thu Jul  2 03:59:19 UTC 2026
Cache sync 22 at Thu Jul  2 03:59:19 UTC 2026
Cache sync 23 at Thu Jul  2 03:59:19 UTC 2026
Cache sync 24 at Thu Jul  2 03:59:19 UTC 2026
Cache sync 25 at Thu Jul  2 03:59:19 UTC 2026
Cache sync 26 at Thu Jul  2 03:59:19 UTC 2026
Cache sync 27 at Thu Jul  2 03:59:19 UTC 2026
Cache sync 28 at Thu Jul  2 03:59:19 UTC 2026
Cache sync 29 at Thu Jul  2 03:59:19 UTC 2026
Cache sync 30 at Thu Jul  2 03:59:19 UTC 2026
Cache sync 31 at Thu Jul  2 03:59:19 UTC 2026
Cache sync 32 at Thu Jul  2 03:59:19 UTC 2026
Cache sync 33 at Thu Jul  2 03:59:19 UTC 2026
Cache sync 34 at Thu Jul  2 03:59:19 UTC 2026
Cache sync 35 at Thu Jul  2 03:59:19 UTC 2026
Cache sync 36 at Thu Jul  2 03:59:19 UTC 2026
Cache sync 37 at Thu Jul  2 03:59:19 UTC 2026
Cache sync 38 at Thu Jul  2 03:59:19 UTC 2026
Cache sync 39 at Thu Jul  2 03:59:19 UTC 2026
Cache sync 40 at Thu Jul  2 03:59:19 UTC 2026
Cache sync 41 at Thu Jul  2 03:59:19 UTC 2026
Cache sync 42 at Thu Jul  2 03:59:19 UTC 2026
Cache sync 43 at Thu Jul  2 03:59:19 UTC 2026
Cache sync 44 at Thu Jul  2 03:59:19 UTC 2026
Cache sync 45 at Thu Jul  2 03:59:19 UTC 2026
Cache sync 46 at Thu Jul  2 03:59:19 UTC 2026
Cache sync 47 at Thu Jul  2 03:59:19 UTC 2026
Cache sync 48 at Thu Jul  2 03:59:19 UTC 2026
Cache sync 49 at Thu Jul  2 03:59:19 UTC 2026
Cache sync 50 at Thu Jul  2 03:59:19 UTC 2026
Cache sync 51 at Thu Jul  2 03:59:19 UTC 2026
Cache sync 1 at Thu Jul  2 14:11:34 UTC 2026
Cache sync 2 at Thu Jul  2 14:11:34 UTC 2026
Cache sync 3 at Thu Jul  2 14:11:34 UTC 2026
Cache sync 1 at Fri Jul  3 03:42:45 UTC 2026
Cache sync 2 at Fri Jul  3 03:42:45 UTC 2026
Cache sync 3 at Fri Jul  3 03:42:45 UTC 2026
Cache sync 4 at Fri Jul  3 03:42:45 UTC 2026
Cache sync 5 at Fri Jul  3 03:42:45 UTC 2026
Cache sync 6 at Fri Jul  3 03:42:45 UTC 2026
Cache sync 7 at Fri Jul  3 03:42:45 UTC 2026
Cache sync 8 at Fri Jul  3 03:42:45 UTC 2026
Cache sync 9 at Fri Jul  3 03:42:45 UTC 2026
Cache sync 10 at Fri Jul  3 03:42:45 UTC 2026
Cache sync 11 at Fri Jul  3 03:42:45 UTC 2026
Cache sync 12 at Fri Jul  3 03:42:45 UTC 2026
Cache sync 13 at Fri Jul  3 03:42:45 UTC 2026
Cache sync 14 at Fri Jul  3 03:42:45 UTC 2026
Cache sync 15 at Fri Jul  3 03:42:45 UTC 2026
Cache sync 16 at Fri Jul  3 03:42:45 UTC 2026
Cache sync 17 at Fri Jul  3 03:42:45 UTC 2026
Cache sync 18 at Fri Jul  3 03:42:45 UTC 2026
Cache sync 19 at Fri Jul  3 03:42:45 UTC 2026
Cache sync 20 at Fri Jul  3 03:42:45 UTC 2026
Cache sync 21 at Fri Jul  3 03:42:45 UTC 2026
Cache sync 22 at Fri Jul  3 03:42:45 UTC 2026
Cache sync 1 at Fri Jul  3 14:19:16 UTC 2026
Cache sync 2 at Fri Jul  3 14:19:16 UTC 2026
Cache sync 3 at Fri Jul  3 14:19:16 UTC 2026
Cache sync 4 at Fri Jul  3 14:19:16 UTC 2026
Cache sync 5 at Fri Jul  3 14:19:16 UTC 2026
Cache sync 6 at Fri Jul  3 14:19:16 UTC 2026
Cache sync 7 at Fri Jul  3 14:19:16 UTC 2026
Cache sync 8 at Fri Jul  3 14:19:16 UTC 2026
Cache sync 9 at Fri Jul  3 14:19:16 UTC 2026
Cache sync 10 at Fri Jul  3 14:19:16 UTC 2026
Cache sync 11 at Fri Jul  3 14:19:16 UTC 2026
Cache sync 12 at Fri Jul  3 14:19:16 UTC 2026
Cache sync 13 at Fri Jul  3 14:19:16 UTC 2026
Cache sync 14 at Fri Jul  3 14:19:16 UTC 2026
Cache sync 15 at Fri Jul  3 14:19:16 UTC 2026
Cache sync 16 at Fri Jul  3 14:19:16 UTC 2026
Cache sync 17 at Fri Jul  3 14:19:16 UTC 2026
Cache sync 18 at Fri Jul  3 14:19:16 UTC 2026
Cache sync 19 at Fri Jul  3 14:19:16 UTC 2026
Cache sync 20 at Fri Jul  3 14:19:16 UTC 2026
Cache sync 21 at Fri Jul  3 14:19:16 UTC 2026
Cache sync 22 at Fri Jul  3 14:19:16 UTC 2026
Cache sync 23 at Fri Jul  3 14:19:16 UTC 2026
Cache sync 24 at Fri Jul  3 14:19:16 UTC 2026
Cache sync 25 at Fri Jul  3 14:19:16 UTC 2026
Cache sync 26 at Fri Jul  3 14:19:16 UTC 2026
Cache sync 27 at Fri Jul  3 14:19:16 UTC 2026
Cache sync 28 at Fri Jul  3 14:19:16 UTC 2026
Cache sync 29 at Fri Jul  3 14:19:16 UTC 2026
Cache sync 1 at Sat Jul  4 03:36:04 UTC 2026
Cache sync 2 at Sat Jul  4 03:36:04 UTC 2026
Cache sync 3 at Sat Jul  4 03:36:04 UTC 2026
Cache sync 4 at Sat Jul  4 03:36:04 UTC 2026
Cache sync 5 at Sat Jul  4 03:36:04 UTC 2026
Cache sync 6 at Sat Jul  4 03:36:04 UTC 2026
Cache sync 7 at Sat Jul  4 03:36:04 UTC 2026
Cache sync 8 at Sat Jul  4 03:36:04 UTC 2026
Cache sync 9 at Sat Jul  4 03:36:04 UTC 2026
Cache sync 10 at Sat Jul  4 03:36:04 UTC 2026
Cache sync 11 at Sat Jul  4 03:36:04 UTC 2026
Cache sync 12 at Sat Jul  4 03:36:04 UTC 2026
Cache sync 13 at Sat Jul  4 03:36:04 UTC 2026
Cache sync 14 at Sat Jul  4 03:36:04 UTC 2026
Cache sync 15 at Sat Jul  4 03:36:04 UTC 2026
Cache sync 16 at Sat Jul  4 03:36:04 UTC 2026
Cache sync 17 at Sat Jul  4 03:36:04 UTC 2026
Cache sync 18 at Sat Jul  4 03:36:04 UTC 2026
Cache sync 19 at Sat Jul  4 03:36:04 UTC 2026
Cache sync 20 at Sat Jul  4 03:36:04 UTC 2026
Cache sync 21 at Sat Jul  4 03:36:04 UTC 2026
Cache sync 22 at Sat Jul  4 03:36:04 UTC 2026
Cache sync 23 at Sat Jul  4 03:36:04 UTC 2026
Cache sync 24 at Sat Jul  4 03:36:04 UTC 2026
Cache sync 1 at Sat Jul  4 13:43:55 UTC 2026
Cache sync 2 at Sat Jul  4 13:43:55 UTC 2026
Cache sync 3 at Sat Jul  4 13:43:55 UTC 2026
Cache sync 4 at Sat Jul  4 13:43:55 UTC 2026
Cache sync 5 at Sat Jul  4 13:43:55 UTC 2026
Cache sync 6 at Sat Jul  4 13:43:55 UTC 2026
Cache sync 7 at Sat Jul  4 13:43:55 UTC 2026
Cache sync 8 at Sat Jul  4 13:43:55 UTC 2026
Cache sync 9 at Sat Jul  4 13:43:55 UTC 2026
Cache sync 10 at Sat Jul  4 13:43:55 UTC 2026
Cache sync 11 at Sat Jul  4 13:43:55 UTC 2026
Cache sync 12 at Sat Jul  4 13:43:55 UTC 2026
Cache sync 13 at Sat Jul  4 13:43:55 UTC 2026
Cache sync 14 at Sat Jul  4 13:43:55 UTC 2026
Cache sync 15 at Sat Jul  4 13:43:55 UTC 2026
Cache sync 16 at Sat Jul  4 13:43:55 UTC 2026
Cache sync 17 at Sat Jul  4 13:43:55 UTC 2026
Cache sync 18 at Sat Jul  4 13:43:55 UTC 2026
Cache sync 19 at Sat Jul  4 13:43:55 UTC 2026
Cache sync 20 at Sat Jul  4 13:43:55 UTC 2026
Cache sync 21 at Sat Jul  4 13:43:55 UTC 2026
Cache sync 22 at Sat Jul  4 13:43:55 UTC 2026
Cache sync 23 at Sat Jul  4 13:43:55 UTC 2026
Cache sync 24 at Sat Jul  4 13:43:55 UTC 2026
Cache sync 25 at Sat Jul  4 13:43:55 UTC 2026
Cache sync 26 at Sat Jul  4 13:43:55 UTC 2026
Cache sync 27 at Sat Jul  4 13:43:55 UTC 2026
Cache sync 28 at Sat Jul  4 13:43:55 UTC 2026
Cache sync 29 at Sat Jul  4 13:43:55 UTC 2026
Cache sync 30 at Sat Jul  4 13:43:55 UTC 2026
Cache sync 31 at Sat Jul  4 13:43:55 UTC 2026
Cache sync 1 at Sun Jul  5 03:54:24 UTC 2026
Cache sync 2 at Sun Jul  5 03:54:24 UTC 2026
Cache sync 3 at Sun Jul  5 03:54:24 UTC 2026
Cache sync 4 at Sun Jul  5 03:54:24 UTC 2026
Cache sync 5 at Sun Jul  5 03:54:24 UTC 2026
Cache sync 6 at Sun Jul  5 03:54:24 UTC 2026
Cache sync 7 at Sun Jul  5 03:54:24 UTC 2026
Cache sync 8 at Sun Jul  5 03:54:25 UTC 2026
Cache sync 9 at Sun Jul  5 03:54:25 UTC 2026
Cache sync 10 at Sun Jul  5 03:54:25 UTC 2026
Cache sync 11 at Sun Jul  5 03:54:25 UTC 2026
Cache sync 12 at Sun Jul  5 03:54:25 UTC 2026
Cache sync 13 at Sun Jul  5 03:54:25 UTC 2026
Cache sync 14 at Sun Jul  5 03:54:25 UTC 2026
Cache sync 15 at Sun Jul  5 03:54:25 UTC 2026
Cache sync 16 at Sun Jul  5 03:54:25 UTC 2026
Cache sync 17 at Sun Jul  5 03:54:25 UTC 2026
Cache sync 18 at Sun Jul  5 03:54:25 UTC 2026
Cache sync 19 at Sun Jul  5 03:54:25 UTC 2026
Cache sync 20 at Sun Jul  5 03:54:25 UTC 2026
Cache sync 21 at Sun Jul  5 03:54:25 UTC 2026
Cache sync 22 at Sun Jul  5 03:54:25 UTC 2026
Cache sync 23 at Sun Jul  5 03:54:25 UTC 2026
Cache sync 24 at Sun Jul  5 03:54:25 UTC 2026
Cache sync 25 at Sun Jul  5 03:54:25 UTC 2026
Cache sync 26 at Sun Jul  5 03:54:25 UTC 2026
Cache sync 27 at Sun Jul  5 03:54:25 UTC 2026
Cache sync 28 at Sun Jul  5 03:54:25 UTC 2026
Cache sync 29 at Sun Jul  5 03:54:25 UTC 2026
Cache sync 30 at Sun Jul  5 03:54:25 UTC 2026
Cache sync 31 at Sun Jul  5 03:54:25 UTC 2026
Cache sync 32 at Sun Jul  5 03:54:25 UTC 2026
Cache sync 33 at Sun Jul  5 03:54:25 UTC 2026
Cache sync 34 at Sun Jul  5 03:54:25 UTC 2026
Cache sync 35 at Sun Jul  5 03:54:25 UTC 2026
Cache sync 36 at Sun Jul  5 03:54:25 UTC 2026
Cache sync 37 at Sun Jul  5 03:54:25 UTC 2026
Cache sync 38 at Sun Jul  5 03:54:25 UTC 2026
Cache sync 39 at Sun Jul  5 03:54:25 UTC 2026
Cache sync 40 at Sun Jul  5 03:54:25 UTC 2026
Cache sync 41 at Sun Jul  5 03:54:25 UTC 2026
Cache sync 42 at Sun Jul  5 03:54:25 UTC 2026
Cache sync 43 at Sun Jul  5 03:54:25 UTC 2026
Cache sync 44 at Sun Jul  5 03:54:25 UTC 2026
Cache sync 45 at Sun Jul  5 03:54:25 UTC 2026
Cache sync 46 at Sun Jul  5 03:54:25 UTC 2026
Cache sync 47 at Sun Jul  5 03:54:25 UTC 2026
Cache sync 1 at Sun Jul  5 13:50:11 UTC 2026
Cache sync 2 at Sun Jul  5 13:50:11 UTC 2026
Cache sync 3 at Sun Jul  5 13:50:11 UTC 2026
Cache sync 4 at Sun Jul  5 13:50:11 UTC 2026
Cache sync 5 at Sun Jul  5 13:50:11 UTC 2026
Cache sync 6 at Sun Jul  5 13:50:11 UTC 2026
Cache sync 7 at Sun Jul  5 13:50:11 UTC 2026
Cache sync 8 at Sun Jul  5 13:50:11 UTC 2026
Cache sync 9 at Sun Jul  5 13:50:11 UTC 2026
Cache sync 10 at Sun Jul  5 13:50:11 UTC 2026
Cache sync 11 at Sun Jul  5 13:50:11 UTC 2026
Cache sync 12 at Sun Jul  5 13:50:11 UTC 2026
Cache sync 13 at Sun Jul  5 13:50:11 UTC 2026
Cache sync 14 at Sun Jul  5 13:50:11 UTC 2026
Cache sync 15 at Sun Jul  5 13:50:12 UTC 2026
Cache sync 16 at Sun Jul  5 13:50:12 UTC 2026
Cache sync 17 at Sun Jul  5 13:50:12 UTC 2026
Cache sync 18 at Sun Jul  5 13:50:12 UTC 2026
Cache sync 19 at Sun Jul  5 13:50:12 UTC 2026
Cache sync 20 at Sun Jul  5 13:50:12 UTC 2026
Cache sync 21 at Sun Jul  5 13:50:12 UTC 2026
Cache sync 22 at Sun Jul  5 13:50:12 UTC 2026
Cache sync 23 at Sun Jul  5 13:50:12 UTC 2026
Cache sync 24 at Sun Jul  5 13:50:12 UTC 2026
Cache sync 25 at Sun Jul  5 13:50:12 UTC 2026
Cache sync 26 at Sun Jul  5 13:50:12 UTC 2026
Cache sync 27 at Sun Jul  5 13:50:12 UTC 2026
Cache sync 28 at Sun Jul  5 13:50:12 UTC 2026
Cache sync 29 at Sun Jul  5 13:50:12 UTC 2026
Cache sync 1 at Mon Jul  6 04:01:06 UTC 2026
Cache sync 2 at Mon Jul  6 04:01:06 UTC 2026
Cache sync 3 at Mon Jul  6 04:01:06 UTC 2026
Cache sync 4 at Mon Jul  6 04:01:06 UTC 2026
Cache sync 5 at Mon Jul  6 04:01:06 UTC 2026
Cache sync 6 at Mon Jul  6 04:01:06 UTC 2026
Cache sync 7 at Mon Jul  6 04:01:06 UTC 2026
Cache sync 8 at Mon Jul  6 04:01:06 UTC 2026
Cache sync 9 at Mon Jul  6 04:01:06 UTC 2026
Cache sync 10 at Mon Jul  6 04:01:06 UTC 2026
Cache sync 11 at Mon Jul  6 04:01:06 UTC 2026
Cache sync 12 at Mon Jul  6 04:01:06 UTC 2026
Cache sync 13 at Mon Jul  6 04:01:06 UTC 2026
Cache sync 14 at Mon Jul  6 04:01:06 UTC 2026
Cache sync 15 at Mon Jul  6 04:01:06 UTC 2026
Cache sync 16 at Mon Jul  6 04:01:06 UTC 2026
Cache sync 17 at Mon Jul  6 04:01:06 UTC 2026
Cache sync 18 at Mon Jul  6 04:01:06 UTC 2026
Cache sync 19 at Mon Jul  6 04:01:06 UTC 2026
Cache sync 20 at Mon Jul  6 04:01:06 UTC 2026
Cache sync 21 at Mon Jul  6 04:01:06 UTC 2026
Cache sync 22 at Mon Jul  6 04:01:06 UTC 2026
Cache sync 23 at Mon Jul  6 04:01:06 UTC 2026
Cache sync 24 at Mon Jul  6 04:01:06 UTC 2026
Cache sync 25 at Mon Jul  6 04:01:06 UTC 2026
Cache sync 26 at Mon Jul  6 04:01:06 UTC 2026
Cache sync 27 at Mon Jul  6 04:01:06 UTC 2026
Cache sync 28 at Mon Jul  6 04:01:06 UTC 2026
Cache sync 29 at Mon Jul  6 04:01:06 UTC 2026
Cache sync 30 at Mon Jul  6 04:01:06 UTC 2026
Cache sync 31 at Mon Jul  6 04:01:06 UTC 2026
Cache sync 32 at Mon Jul  6 04:01:06 UTC 2026
Cache sync 33 at Mon Jul  6 04:01:06 UTC 2026
Cache sync 34 at Mon Jul  6 04:01:06 UTC 2026
Cache sync 35 at Mon Jul  6 04:01:06 UTC 2026
Cache sync 36 at Mon Jul  6 04:01:06 UTC 2026
Cache sync 37 at Mon Jul  6 04:01:06 UTC 2026
Cache sync 38 at Mon Jul  6 04:01:06 UTC 2026
Cache sync 39 at Mon Jul  6 04:01:06 UTC 2026
Cache sync 40 at Mon Jul  6 04:01:06 UTC 2026
Cache sync 41 at Mon Jul  6 04:01:06 UTC 2026
Cache sync 42 at Mon Jul  6 04:01:06 UTC 2026
Cache sync 43 at Mon Jul  6 04:01:06 UTC 2026
Cache sync 44 at Mon Jul  6 04:01:06 UTC 2026
Cache sync 45 at Mon Jul  6 04:01:06 UTC 2026
Cache sync 46 at Mon Jul  6 04:01:06 UTC 2026
Cache sync 47 at Mon Jul  6 04:01:06 UTC 2026
Cache sync 48 at Mon Jul  6 04:01:06 UTC 2026
Cache sync 49 at Mon Jul  6 04:01:06 UTC 2026
Cache sync 50 at Mon Jul  6 04:01:06 UTC 2026
Cache sync 51 at Mon Jul  6 04:01:06 UTC 2026
Cache sync 52 at Mon Jul  6 04:01:06 UTC 2026
Cache sync 53 at Mon Jul  6 04:01:06 UTC 2026
Cache sync 54 at Mon Jul  6 04:01:06 UTC 2026
Cache sync 55 at Mon Jul  6 04:01:06 UTC 2026
Cache sync 56 at Mon Jul  6 04:01:06 UTC 2026
Cache sync 57 at Mon Jul  6 04:01:07 UTC 2026
Cache sync 58 at Mon Jul  6 04:01:07 UTC 2026
Cache sync 59 at Mon Jul  6 04:01:07 UTC 2026
Cache sync 60 at Mon Jul  6 04:01:07 UTC 2026
Cache sync 61 at Mon Jul  6 04:01:07 UTC 2026
Cache sync 1 at Mon Jul  6 15:42:35 UTC 2026
Cache sync 2 at Mon Jul  6 15:42:35 UTC 2026
Cache sync 3 at Mon Jul  6 15:42:35 UTC 2026
Cache sync 4 at Mon Jul  6 15:42:35 UTC 2026
Cache sync 5 at Mon Jul  6 15:42:35 UTC 2026
Cache sync 6 at Mon Jul  6 15:42:35 UTC 2026
Cache sync 7 at Mon Jul  6 15:42:35 UTC 2026
Cache sync 8 at Mon Jul  6 15:42:35 UTC 2026
Cache sync 9 at Mon Jul  6 15:42:35 UTC 2026
Cache sync 10 at Mon Jul  6 15:42:35 UTC 2026
Cache sync 11 at Mon Jul  6 15:42:35 UTC 2026
Cache sync 12 at Mon Jul  6 15:42:35 UTC 2026
Cache sync 13 at Mon Jul  6 15:42:35 UTC 2026
Cache sync 14 at Mon Jul  6 15:42:35 UTC 2026
Cache sync 15 at Mon Jul  6 15:42:35 UTC 2026
Cache sync 16 at Mon Jul  6 15:42:35 UTC 2026
Cache sync 17 at Mon Jul  6 15:42:35 UTC 2026
Cache sync 18 at Mon Jul  6 15:42:35 UTC 2026
Cache sync 19 at Mon Jul  6 15:42:35 UTC 2026
Cache sync 20 at Mon Jul  6 15:42:35 UTC 2026
Cache sync 21 at Mon Jul  6 15:42:35 UTC 2026
Cache sync 22 at Mon Jul  6 15:42:35 UTC 2026
Cache sync 23 at Mon Jul  6 15:42:35 UTC 2026
Cache sync 24 at Mon Jul  6 15:42:35 UTC 2026
Cache sync 25 at Mon Jul  6 15:42:35 UTC 2026
Cache sync 26 at Mon Jul  6 15:42:35 UTC 2026
Cache sync 27 at Mon Jul  6 15:42:35 UTC 2026
Cache sync 28 at Mon Jul  6 15:42:35 UTC 2026
Cache sync 29 at Mon Jul  6 15:42:35 UTC 2026
Cache sync 30 at Mon Jul  6 15:42:35 UTC 2026
Cache sync 31 at Mon Jul  6 15:42:35 UTC 2026
Cache sync 32 at Mon Jul  6 15:42:35 UTC 2026
Cache sync 33 at Mon Jul  6 15:42:35 UTC 2026
Cache sync 34 at Mon Jul  6 15:42:35 UTC 2026
Cache sync 35 at Mon Jul  6 15:42:35 UTC 2026
Cache sync 36 at Mon Jul  6 15:42:35 UTC 2026
Cache sync 37 at Mon Jul  6 15:42:35 UTC 2026
Cache sync 38 at Mon Jul  6 15:42:35 UTC 2026
Cache sync 39 at Mon Jul  6 15:42:35 UTC 2026
Cache sync 40 at Mon Jul  6 15:42:35 UTC 2026
Cache sync 41 at Mon Jul  6 15:42:35 UTC 2026
Cache sync 42 at Mon Jul  6 15:42:35 UTC 2026
Cache sync 43 at Mon Jul  6 15:42:35 UTC 2026
Cache sync 44 at Mon Jul  6 15:42:35 UTC 2026
Cache sync 45 at Mon Jul  6 15:42:35 UTC 2026
Cache sync 46 at Mon Jul  6 15:42:35 UTC 2026
Cache sync 47 at Mon Jul  6 15:42:35 UTC 2026
Cache sync 48 at Mon Jul  6 15:42:36 UTC 2026
Cache sync 49 at Mon Jul  6 15:42:36 UTC 2026
Cache sync 50 at Mon Jul  6 15:42:36 UTC 2026
Cache sync 51 at Mon Jul  6 15:42:36 UTC 2026
Cache sync 52 at Mon Jul  6 15:42:36 UTC 2026
Cache sync 53 at Mon Jul  6 15:42:36 UTC 2026
Cache sync 54 at Mon Jul  6 15:42:36 UTC 2026
Cache sync 55 at Mon Jul  6 15:42:36 UTC 2026
Cache sync 56 at Mon Jul  6 15:42:36 UTC 2026
Cache sync 57 at Mon Jul  6 15:42:36 UTC 2026
Cache sync 58 at Mon Jul  6 15:42:36 UTC 2026
Cache sync 59 at Mon Jul  6 15:42:36 UTC 2026
Cache sync 60 at Mon Jul  6 15:42:36 UTC 2026
Cache sync 61 at Mon Jul  6 15:42:36 UTC 2026
Cache sync 62 at Mon Jul  6 15:42:36 UTC 2026
Cache sync 63 at Mon Jul  6 15:42:36 UTC 2026
Cache sync 64 at Mon Jul  6 15:42:36 UTC 2026
Cache sync 65 at Mon Jul  6 15:42:36 UTC 2026
Cache sync 66 at Mon Jul  6 15:42:36 UTC 2026
Cache sync 67 at Mon Jul  6 15:42:36 UTC 2026
Cache sync 68 at Mon Jul  6 15:42:36 UTC 2026
Cache sync 69 at Mon Jul  6 15:42:36 UTC 2026
Cache sync 70 at Mon Jul  6 15:42:36 UTC 2026
Cache sync 71 at Mon Jul  6 15:42:36 UTC 2026
Cache sync 72 at Mon Jul  6 15:42:36 UTC 2026
Cache sync 73 at Mon Jul  6 15:42:36 UTC 2026
Cache sync 74 at Mon Jul  6 15:42:36 UTC 2026
Cache sync 75 at Mon Jul  6 15:42:36 UTC 2026
Cache sync 76 at Mon Jul  6 15:42:36 UTC 2026
Cache sync 77 at Mon Jul  6 15:42:36 UTC 2026
Cache sync 78 at Mon Jul  6 15:42:36 UTC 2026
Cache sync 1 at Tue Jul  7 03:52:15 UTC 2026
Cache sync 2 at Tue Jul  7 03:52:15 UTC 2026
Cache sync 3 at Tue Jul  7 03:52:15 UTC 2026
Cache sync 4 at Tue Jul  7 03:52:15 UTC 2026
Cache sync 5 at Tue Jul  7 03:52:15 UTC 2026
Cache sync 6 at Tue Jul  7 03:52:15 UTC 2026
Cache sync 7 at Tue Jul  7 03:52:15 UTC 2026
Cache sync 8 at Tue Jul  7 03:52:15 UTC 2026
Cache sync 9 at Tue Jul  7 03:52:15 UTC 2026
Cache sync 10 at Tue Jul  7 03:52:15 UTC 2026
Cache sync 11 at Tue Jul  7 03:52:15 UTC 2026
Cache sync 12 at Tue Jul  7 03:52:15 UTC 2026
Cache sync 13 at Tue Jul  7 03:52:15 UTC 2026
Cache sync 14 at Tue Jul  7 03:52:15 UTC 2026
Cache sync 15 at Tue Jul  7 03:52:16 UTC 2026
Cache sync 16 at Tue Jul  7 03:52:16 UTC 2026
Cache sync 17 at Tue Jul  7 03:52:16 UTC 2026
Cache sync 18 at Tue Jul  7 03:52:16 UTC 2026
Cache sync 19 at Tue Jul  7 03:52:16 UTC 2026
Cache sync 20 at Tue Jul  7 03:52:16 UTC 2026
Cache sync 21 at Tue Jul  7 03:52:16 UTC 2026
Cache sync 22 at Tue Jul  7 03:52:16 UTC 2026
Cache sync 23 at Tue Jul  7 03:52:16 UTC 2026
Cache sync 24 at Tue Jul  7 03:52:16 UTC 2026
Cache sync 25 at Tue Jul  7 03:52:16 UTC 2026
Cache sync 26 at Tue Jul  7 03:52:16 UTC 2026
Cache sync 27 at Tue Jul  7 03:52:16 UTC 2026
Cache sync 28 at Tue Jul  7 03:52:16 UTC 2026
Cache sync 29 at Tue Jul  7 03:52:16 UTC 2026
Cache sync 30 at Tue Jul  7 03:52:16 UTC 2026
Cache sync 31 at Tue Jul  7 03:52:16 UTC 2026
Cache sync 32 at Tue Jul  7 03:52:16 UTC 2026
Cache sync 33 at Tue Jul  7 03:52:16 UTC 2026
Cache sync 34 at Tue Jul  7 03:52:16 UTC 2026
Cache sync 35 at Tue Jul  7 03:52:16 UTC 2026
Cache sync 36 at Tue Jul  7 03:52:16 UTC 2026
Cache sync 37 at Tue Jul  7 03:52:16 UTC 2026
Cache sync 38 at Tue Jul  7 03:52:16 UTC 2026
Cache sync 39 at Tue Jul  7 03:52:16 UTC 2026
Cache sync 40 at Tue Jul  7 03:52:16 UTC 2026
Cache sync 41 at Tue Jul  7 03:52:16 UTC 2026
Cache sync 42 at Tue Jul  7 03:52:16 UTC 2026
Cache sync 43 at Tue Jul  7 03:52:16 UTC 2026
Cache sync 44 at Tue Jul  7 03:52:16 UTC 2026
Cache sync 45 at Tue Jul  7 03:52:16 UTC 2026
Cache sync 46 at Tue Jul  7 03:52:16 UTC 2026
Cache sync 47 at Tue Jul  7 03:52:16 UTC 2026
Cache sync 48 at Tue Jul  7 03:52:16 UTC 2026
Cache sync 49 at Tue Jul  7 03:52:16 UTC 2026
Cache sync 50 at Tue Jul  7 03:52:16 UTC 2026
Cache sync 51 at Tue Jul  7 03:52:16 UTC 2026
Cache sync 52 at Tue Jul  7 03:52:16 UTC 2026
Cache sync 53 at Tue Jul  7 03:52:16 UTC 2026
Cache sync 54 at Tue Jul  7 03:52:16 UTC 2026
Cache sync 55 at Tue Jul  7 03:52:16 UTC 2026
Cache sync 56 at Tue Jul  7 03:52:16 UTC 2026
Cache sync 57 at Tue Jul  7 03:52:16 UTC 2026
Cache sync 58 at Tue Jul  7 03:52:16 UTC 2026
Cache sync 59 at Tue Jul  7 03:52:16 UTC 2026
Cache sync 60 at Tue Jul  7 03:52:16 UTC 2026
Cache sync 61 at Tue Jul  7 03:52:16 UTC 2026
Cache sync 62 at Tue Jul  7 03:52:16 UTC 2026
Cache sync 63 at Tue Jul  7 03:52:16 UTC 2026
Cache sync 64 at Tue Jul  7 03:52:16 UTC 2026
Cache sync 65 at Tue Jul  7 03:52:16 UTC 2026
Cache sync 66 at Tue Jul  7 03:52:16 UTC 2026
Cache sync 67 at Tue Jul  7 03:52:16 UTC 2026
Cache sync 68 at Tue Jul  7 03:52:16 UTC 2026
Cache sync 69 at Tue Jul  7 03:52:16 UTC 2026
Cache sync 70 at Tue Jul  7 03:52:17 UTC 2026
Cache sync 71 at Tue Jul  7 03:52:17 UTC 2026
Cache sync 72 at Tue Jul  7 03:52:17 UTC 2026
Cache sync 73 at Tue Jul  7 03:52:17 UTC 2026
Cache sync 74 at Tue Jul  7 03:52:17 UTC 2026
Cache sync 75 at Tue Jul  7 03:52:17 UTC 2026
Cache sync 76 at Tue Jul  7 03:52:17 UTC 2026
Cache sync 77 at Tue Jul  7 03:52:17 UTC 2026
Cache sync 78 at Tue Jul  7 03:52:17 UTC 2026
Cache sync 79 at Tue Jul  7 03:52:17 UTC 2026
Cache sync 80 at Tue Jul  7 03:52:17 UTC 2026
Cache sync 81 at Tue Jul  7 03:52:17 UTC 2026
Cache sync 1 at Tue Jul  7 14:47:19 UTC 2026
Cache sync 2 at Tue Jul  7 14:47:19 UTC 2026
Cache sync 3 at Tue Jul  7 14:47:19 UTC 2026
Cache sync 4 at Tue Jul  7 14:47:19 UTC 2026
Cache sync 5 at Tue Jul  7 14:47:19 UTC 2026
Cache sync 6 at Tue Jul  7 14:47:19 UTC 2026
Cache sync 7 at Tue Jul  7 14:47:19 UTC 2026
Cache sync 8 at Tue Jul  7 14:47:19 UTC 2026
Cache sync 9 at Tue Jul  7 14:47:19 UTC 2026
Cache sync 10 at Tue Jul  7 14:47:19 UTC 2026
Cache sync 11 at Tue Jul  7 14:47:20 UTC 2026
Cache sync 1 at Wed Jul  8 03:18:55 UTC 2026
Cache sync 2 at Wed Jul  8 03:18:55 UTC 2026
Cache sync 3 at Wed Jul  8 03:18:55 UTC 2026
Cache sync 4 at Wed Jul  8 03:18:55 UTC 2026
Cache sync 5 at Wed Jul  8 03:18:55 UTC 2026
Cache sync 6 at Wed Jul  8 03:18:55 UTC 2026
Cache sync 7 at Wed Jul  8 03:18:55 UTC 2026
Cache sync 8 at Wed Jul  8 03:18:55 UTC 2026
Cache sync 9 at Wed Jul  8 03:18:55 UTC 2026
Cache sync 10 at Wed Jul  8 03:18:55 UTC 2026
Cache sync 11 at Wed Jul  8 03:18:55 UTC 2026
Cache sync 12 at Wed Jul  8 03:18:55 UTC 2026
Cache sync 13 at Wed Jul  8 03:18:55 UTC 2026
Cache sync 14 at Wed Jul  8 03:18:55 UTC 2026
Cache sync 15 at Wed Jul  8 03:18:55 UTC 2026
Cache sync 16 at Wed Jul  8 03:18:55 UTC 2026
Cache sync 17 at Wed Jul  8 03:18:55 UTC 2026
Cache sync 18 at Wed Jul  8 03:18:55 UTC 2026
Cache sync 19 at Wed Jul  8 03:18:55 UTC 2026
Cache sync 20 at Wed Jul  8 03:18:55 UTC 2026
Cache sync 21 at Wed Jul  8 03:18:55 UTC 2026
Cache sync 22 at Wed Jul  8 03:18:55 UTC 2026
Cache sync 23 at Wed Jul  8 03:18:55 UTC 2026
Cache sync 24 at Wed Jul  8 03:18:55 UTC 2026
Cache sync 25 at Wed Jul  8 03:18:55 UTC 2026
Cache sync 26 at Wed Jul  8 03:18:55 UTC 2026
Cache sync 27 at Wed Jul  8 03:18:55 UTC 2026
Cache sync 28 at Wed Jul  8 03:18:55 UTC 2026
Cache sync 29 at Wed Jul  8 03:18:55 UTC 2026
Cache sync 30 at Wed Jul  8 03:18:55 UTC 2026
Cache sync 31 at Wed Jul  8 03:18:55 UTC 2026
Cache sync 32 at Wed Jul  8 03:18:55 UTC 2026
Cache sync 33 at Wed Jul  8 03:18:55 UTC 2026
Cache sync 34 at Wed Jul  8 03:18:55 UTC 2026
Cache sync 35 at Wed Jul  8 03:18:55 UTC 2026
Cache sync 36 at Wed Jul  8 03:18:55 UTC 2026
Cache sync 37 at Wed Jul  8 03:18:55 UTC 2026
Cache sync 38 at Wed Jul  8 03:18:55 UTC 2026
Cache sync 39 at Wed Jul  8 03:18:55 UTC 2026
Cache sync 1 at Wed Jul  8 14:25:26 UTC 2026
Cache sync 2 at Wed Jul  8 14:25:26 UTC 2026
Cache sync 3 at Wed Jul  8 14:25:26 UTC 2026
Cache sync 4 at Wed Jul  8 14:25:26 UTC 2026
Cache sync 5 at Wed Jul  8 14:25:26 UTC 2026
Cache sync 6 at Wed Jul  8 14:25:26 UTC 2026
Cache sync 7 at Wed Jul  8 14:25:26 UTC 2026
Cache sync 8 at Wed Jul  8 14:25:26 UTC 2026
Cache sync 9 at Wed Jul  8 14:25:26 UTC 2026
Cache sync 10 at Wed Jul  8 14:25:27 UTC 2026
Cache sync 11 at Wed Jul  8 14:25:27 UTC 2026
Cache sync 12 at Wed Jul  8 14:25:27 UTC 2026
Cache sync 13 at Wed Jul  8 14:25:27 UTC 2026
Cache sync 14 at Wed Jul  8 14:25:27 UTC 2026
Cache sync 15 at Wed Jul  8 14:25:27 UTC 2026
Cache sync 16 at Wed Jul  8 14:25:27 UTC 2026
Cache sync 17 at Wed Jul  8 14:25:27 UTC 2026
Cache sync 18 at Wed Jul  8 14:25:27 UTC 2026
Cache sync 19 at Wed Jul  8 14:25:27 UTC 2026
Cache sync 20 at Wed Jul  8 14:25:27 UTC 2026
Cache sync 21 at Wed Jul  8 14:25:27 UTC 2026
Cache sync 22 at Wed Jul  8 14:25:27 UTC 2026
Cache sync 23 at Wed Jul  8 14:25:27 UTC 2026
Cache sync 24 at Wed Jul  8 14:25:27 UTC 2026
Cache sync 25 at Wed Jul  8 14:25:27 UTC 2026
Cache sync 26 at Wed Jul  8 14:25:27 UTC 2026
Cache sync 27 at Wed Jul  8 14:25:27 UTC 2026
Cache sync 28 at Wed Jul  8 14:25:27 UTC 2026
Cache sync 29 at Wed Jul  8 14:25:27 UTC 2026
Cache sync 30 at Wed Jul  8 14:25:27 UTC 2026
Cache sync 31 at Wed Jul  8 14:25:27 UTC 2026
Cache sync 32 at Wed Jul  8 14:25:27 UTC 2026
Cache sync 33 at Wed Jul  8 14:25:27 UTC 2026
Cache sync 34 at Wed Jul  8 14:25:27 UTC 2026
Cache sync 35 at Wed Jul  8 14:25:27 UTC 2026
Cache sync 36 at Wed Jul  8 14:25:27 UTC 2026
Cache sync 37 at Wed Jul  8 14:25:27 UTC 2026
Cache sync 38 at Wed Jul  8 14:25:27 UTC 2026
Cache sync 39 at Wed Jul  8 14:25:27 UTC 2026
Cache sync 40 at Wed Jul  8 14:25:27 UTC 2026
Cache sync 41 at Wed Jul  8 14:25:27 UTC 2026
Cache sync 42 at Wed Jul  8 14:25:27 UTC 2026
Cache sync 43 at Wed Jul  8 14:25:27 UTC 2026
Cache sync 44 at Wed Jul  8 14:25:27 UTC 2026
Cache sync 45 at Wed Jul  8 14:25:27 UTC 2026
Cache sync 46 at Wed Jul  8 14:25:27 UTC 2026
Cache sync 47 at Wed Jul  8 14:25:27 UTC 2026
Cache sync 48 at Wed Jul  8 14:25:27 UTC 2026
Cache sync 49 at Wed Jul  8 14:25:27 UTC 2026
Cache sync 50 at Wed Jul  8 14:25:27 UTC 2026
Cache sync 51 at Wed Jul  8 14:25:27 UTC 2026
Cache sync 52 at Wed Jul  8 14:25:27 UTC 2026
Cache sync 53 at Wed Jul  8 14:25:27 UTC 2026
Cache sync 54 at Wed Jul  8 14:25:27 UTC 2026
Cache sync 55 at Wed Jul  8 14:25:27 UTC 2026
Cache sync 56 at Wed Jul  8 14:25:27 UTC 2026
Cache sync 1 at Thu Jul  9 03:45:01 UTC 2026
Cache sync 2 at Thu Jul  9 03:45:01 UTC 2026
Cache sync 3 at Thu Jul  9 03:45:01 UTC 2026
Cache sync 4 at Thu Jul  9 03:45:01 UTC 2026
Cache sync 5 at Thu Jul  9 03:45:01 UTC 2026
Cache sync 6 at Thu Jul  9 03:45:01 UTC 2026
Cache sync 7 at Thu Jul  9 03:45:01 UTC 2026
Cache sync 8 at Thu Jul  9 03:45:01 UTC 2026
Cache sync 9 at Thu Jul  9 03:45:01 UTC 2026
Cache sync 10 at Thu Jul  9 03:45:01 UTC 2026
Cache sync 11 at Thu Jul  9 03:45:01 UTC 2026
Cache sync 12 at Thu Jul  9 03:45:01 UTC 2026
Cache sync 13 at Thu Jul  9 03:45:01 UTC 2026
Cache sync 14 at Thu Jul  9 03:45:01 UTC 2026
Cache sync 15 at Thu Jul  9 03:45:01 UTC 2026
Cache sync 16 at Thu Jul  9 03:45:01 UTC 2026
Cache sync 17 at Thu Jul  9 03:45:01 UTC 2026
Cache sync 18 at Thu Jul  9 03:45:01 UTC 2026
Cache sync 19 at Thu Jul  9 03:45:01 UTC 2026
Cache sync 20 at Thu Jul  9 03:45:01 UTC 2026
Cache sync 21 at Thu Jul  9 03:45:01 UTC 2026
Cache sync 1 at Thu Jul  9 15:19:56 UTC 2026
Cache sync 2 at Thu Jul  9 15:19:56 UTC 2026
Cache sync 3 at Thu Jul  9 15:19:56 UTC 2026
Cache sync 4 at Thu Jul  9 15:19:56 UTC 2026
Cache sync 5 at Thu Jul  9 15:19:56 UTC 2026
Cache sync 6 at Thu Jul  9 15:19:56 UTC 2026
Cache sync 7 at Thu Jul  9 15:19:56 UTC 2026
Cache sync 8 at Thu Jul  9 15:19:56 UTC 2026
Cache sync 9 at Thu Jul  9 15:19:56 UTC 2026
Cache sync 10 at Thu Jul  9 15:19:56 UTC 2026
